arch,strategy,dataset,scale,degradation,deg_level,epoch,total_steps,train_loss,train_psnr,val_loss,val_psnr,subset_size,epoch_time,total_time
espcn,baseline,div2k,4,blur,0.5,0,45,0.21375224822097355,12.997728305392796,0.09552899412810803,18.08975751399994,720,33.002487897872925,33.002487897872925
espcn,baseline,div2k,4,blur,0.5,1,90,0.09895932939317491,17.942098681132,0.06963460557162762,20.466903924942017,720,32.512255907058716,65.51474380493164
espcn,baseline,div2k,4,blur,0.5,2,135,0.08041702177789477,19.71195623609755,0.06016845479607582,21.29951117038727,720,32.46492385864258,97.97966766357422
espcn,baseline,div2k,4,blur,0.5,3,180,0.07729140354527367,19.87559500800239,0.06322857397608458,21.140929770469665,720,32.473158836364746,130.45282649993896
espcn,baseline,div2k,4,blur,0.5,4,225,0.07120486969749133,20.57502187093099,0.05978910813573748,21.426853680610655,720,32.506149768829346,162.9589762687683
espcn,baseline,div2k,4,blur,0.5,5,270,0.06894602328538894,21.022804726494684,0.0554152256809175,21.92456797361374,720,32.51385998725891,195.47283625602722
espcn,baseline,div2k,4,blur,0.5,6,315,0.06497223592466778,21.571250491672092,0.06793440287001432,20.93337595462799,720,32.48923373222351,227.96206998825073
espcn,baseline,div2k,4,blur,0.5,7,360,0.0665732839041286,21.590646913316515,0.05387060975190252,22.127888333797454,720,32.532135009765625,260.49420499801636
espcn,baseline,div2k,4,blur,0.5,8,405,0.062403982215457496,21.938797675238714,0.05203742065932602,22.30922725200653,720,32.47142004966736,292.9656250476837
espcn,baseline,div2k,4,blur,0.5,9,450,0.06225176619158851,22.207151667277017,0.05182921787491068,22.36359031200409,720,32.43667030334473,325.40229535102844
espcn,baseline,div2k,4,blur,0.5,10,495,0.06104822117421362,22.43939904106988,0.05088103004964069,22.45279288291931,720,32.524173974990845,357.9264693260193
espcn,baseline,div2k,4,blur,0.5,11,540,0.05993636358115408,22.586721589830187,0.051613223645836113,22.442647075653078,720,32.594810247421265,390.52127957344055
espcn,baseline,div2k,4,blur,0.5,12,585,0.06040652882721689,22.56321987575955,0.05248878290876746,22.321844959259032,720,32.551265716552734,423.0725452899933
espcn,baseline,div2k,4,blur,0.5,13,630,0.0599723810950915,22.697043397691516,0.05009128254605457,22.579321014881135,720,32.987550020217896,456.0600953102112
espcn,baseline,div2k,4,blur,0.5,14,675,0.059296198272042806,22.913739183213977,0.05346543724881485,22.33836508989334,720,32.9399049282074,489.0000002384186
espcn,baseline,div2k,4,blur,0.5,15,720,0.0562114337252246,23.36264131334093,0.049637132324278355,22.635995745658875,720,33.01912999153137,522.01913022995
espcn,baseline,div2k,4,blur,0.5,16,765,0.058873108277718224,22.95404298570421,0.05398940653540194,22.271405267715455,720,32.853129148483276,554.8722593784332
espcn,baseline,div2k,4,blur,0.5,17,810,0.05829801650510894,22.958148193359374,0.04939477198058739,22.680673360824585,720,32.94801902770996,587.8202784061432
espcn,baseline,div2k,4,blur,0.5,18,855,0.05563783455226157,23.533737903171115,0.04954872470116243,22.668909883499147,720,32.96569609642029,620.7859745025635
espcn,baseline,div2k,4,blur,0.5,19,900,0.0551118736465772,23.484811316596137,0.05101068937219679,22.581782841682433,720,32.99356484413147,653.779539346695
espcn,baseline,div2k,4,blur,0.5,20,945,0.05704704912172424,23.513258531358506,0.04908563814824447,22.719870829582213,720,32.860607862472534,686.6401472091675
espcn,baseline,div2k,4,blur,0.5,21,990,0.05688478607270453,23.582119199964737,0.05179682350717485,22.549222671985625,720,32.884357213974,719.5245044231415
espcn,baseline,div2k,4,blur,0.5,22,1035,0.055855787545442584,23.46547033521864,0.04934742531040683,22.748250818252565,720,32.954198122024536,752.478702545166
espcn,baseline,div2k,4,blur,0.5,23,1080,0.055261100745863385,23.664433246188693,0.04992949003353715,22.6478231549263,720,32.95567202568054,785.4343745708466
espcn,baseline,div2k,4,blur,0.5,24,1125,0.05532725602388382,23.588468721177843,0.04870182741433382,22.782029581069946,720,32.895440101623535,818.3298146724701
espcn,baseline,div2k,4,blur,0.5,25,1170,0.055482285718123116,23.501156192355687,0.04869286142056808,22.78875548839569,720,32.97462296485901,851.3044376373291
espcn,baseline,div2k,4,blur,0.5,26,1215,0.054972460865974425,23.710614183213977,0.05142418269533664,22.549277651309968,720,32.971057176589966,884.2754948139191
espcn,baseline,div2k,4,blur,0.5,27,1260,0.05479511105351978,23.74285562303331,0.04825778161175549,22.824946022033693,720,33.01370429992676,917.2891991138458
espcn,baseline,div2k,4,blur,0.5,28,1305,0.056109467728270426,23.500391981336804,0.049249011441133916,22.74888515472412,720,32.97464084625244,950.2638399600983
espcn,baseline,div2k,4,blur,0.5,29,1350,0.055183421323696774,23.669624201456706,0.04823807155480608,22.847645664215086,720,32.9342520236969,983.1980919837952
espcn,baseline,div2k,4,blur,0.5,30,1395,0.05484423372480604,23.68623038397895,0.04836364533985034,22.828950119018554,720,32.95381307601929,1016.1519050598145
espcn,baseline,div2k,4,blur,0.5,31,1440,0.05428972037302123,23.914092212253145,0.04851864071097225,22.833934426307678,720,32.950541734695435,1049.10244679451
espcn,baseline,div2k,4,blur,0.5,32,1485,0.054565156913465925,23.82546001010471,0.049077367095742376,22.8173956155777,720,32.931973695755005,1082.034420490265
espcn,baseline,div2k,4,blur,0.5,33,1530,0.05489796002705892,23.718463516235353,0.05106376528274268,22.676281809806824,720,32.92028093338013,1114.954701423645
espcn,baseline,div2k,4,blur,0.5,34,1575,0.05254270947641797,24.274549102783205,0.04768698619445786,22.90652003288269,720,32.97357201576233,1147.9282734394073
espcn,baseline,div2k,4,blur,0.5,35,1620,0.05257471170690325,24.20248294406467,0.053429296147078274,22.456587731838226,720,32.97879409790039,1180.9070675373077
espcn,baseline,div2k,4,blur,0.5,36,1665,0.056659051362011166,23.629435518052844,0.052748182287905364,22.547928631305695,720,32.99254560470581,1213.8996131420135
espcn,baseline,div2k,4,blur,0.5,37,1710,0.05349514153268602,24.16277135213216,0.04988463217159733,22.760252201557158,720,32.86654782295227,1246.7661609649658
espcn,baseline,div2k,4,blur,0.5,38,1755,0.05495199519726965,23.732774183485244,0.04843116583069786,22.89754456281662,720,32.96992778778076,1279.7360887527466
espcn,baseline,div2k,4,blur,0.5,39,1800,0.05339459710650974,24.150990337795683,0.04772769587580115,22.948127031326294,720,32.95273494720459,1312.6888236999512
espcn,baseline,div2k,4,blur,0.5,40,1845,0.05232384229699771,24.229992294311522,0.04805142384720966,22.927493691444397,720,33.01722168922424,1345.7060453891754
espcn,baseline,div2k,4,blur,0.5,41,1890,0.05454293191432953,24.21368340386285,0.05014613443054259,22.685263228416442,720,33.00610613822937,1378.7121515274048
espcn,baseline,div2k,4,blur,0.5,42,1935,0.05295218336913321,24.163574939303928,0.04827387798577547,22.882781529426573,720,32.980026960372925,1411.6921784877777
espcn,baseline,div2k,4,blur,0.5,43,1980,0.0545429151919153,23.754475445217558,0.048546043876558545,22.89186544418335,720,32.87565326690674,1444.5678317546844
espcn,baseline,div2k,4,blur,0.5,44,2025,0.056065244807137385,23.668077596028645,0.04848348438972607,22.88548263311386,720,33.01963710784912,1477.5874688625336
espcn,baseline,div2k,4,blur,0.5,45,2070,0.054998910923798876,23.842507934570314,0.0471122432150878,23.01467772722244,720,32.94445586204529,1510.5319247245789
espcn,baseline,div2k,4,blur,0.5,46,2115,0.053305069026019836,24.180411699083116,0.048359648487530646,22.8873029589653,720,32.97998404502869,1543.5119087696075
espcn,baseline,div2k,4,blur,0.5,47,2160,0.05361368358135223,24.19841588338216,0.05369603200815618,22.42092788219452,720,32.96561408042908,1576.4775228500366
espcn,baseline,div2k,4,blur,0.5,48,2205,0.05276275856627358,24.291716003417967,0.048554018954746425,22.86857019662857,720,32.94631600379944,1609.423838853836
espcn,baseline,div2k,4,blur,0.5,49,2250,0.052040451682276195,24.4103761461046,0.051198130613192915,22.63325991630554,720,32.935524225234985,1642.359363079071
espcn,baseline,div2k,4,blur,0.5,50,2295,0.05232364841633373,24.342981804741754,0.04899086211808026,22.822687911987305,720,32.938162088394165,1675.2975251674652
espcn,baseline,div2k,4,blur,0.5,51,2340,0.05213544070720673,24.252726999918618,0.04871277108322829,22.8958212018013,720,32.96389198303223,1708.2614171504974
espcn,baseline,div2k,4,blur,0.5,52,2385,0.052913814865880544,24.247776328192817,0.04758397259283811,22.98221379518509,720,32.991307735443115,1741.2527248859406
espcn,baseline,div2k,4,blur,0.5,53,2430,0.051282536942097875,24.74014769660102,0.048884512076620014,22.865209996700287,720,32.935566902160645,1774.1882917881012
espcn,baseline,div2k,4,blur,0.5,54,2475,0.052517905748552744,24.44118487040202,0.04916165209142491,22.85242350101471,720,32.946974992752075,1807.1352667808533
espcn,baseline,div2k,4,blur,0.5,55,2520,0.05081382633911239,24.640302064683702,0.04719471841817722,23.029425537586214,720,33.02724313735962,1840.162509918213
espcn,baseline,div2k,4,blur,0.5,56,2565,0.05084609943959448,24.69383299085829,0.0475604489678517,22.993472313880922,720,32.87281584739685,1873.0353257656097
espcn,baseline,div2k,4,blur,0.5,57,2610,0.05220737564894888,24.481085756089954,0.048510364606045187,22.949633836746216,720,33.05381894111633,1906.089144706726
espcn,baseline,div2k,4,blur,0.5,58,2655,0.05443437190519439,23.999452463785808,0.04716592484619468,23.054748630523683,720,32.98924279212952,1939.0783874988556
espcn,baseline,div2k,4,blur,0.5,59,2700,0.05275940779182646,24.6111572265625,0.04811022491194308,22.998312854766844,720,33.02537202835083,1972.1037595272064
espcn,baseline,div2k,4,blur,0.5,60,2745,0.05347768109705713,24.217567698160806,0.04817071837605909,22.933684647083282,720,32.93136477470398,2005.0351243019104
espcn,baseline,div2k,4,blur,0.5,61,2790,0.05093815094894833,24.466720411512586,0.04726763390935958,23.035561907291413,720,32.97318196296692,2038.0083062648773
espcn,baseline,div2k,4,blur,0.5,62,2835,0.05170215674572521,24.51744622124566,0.052156834467314186,22.65540714263916,720,32.94660401344299,2070.9549102783203
espcn,baseline,div2k,4,blur,0.5,63,2880,0.05284107352296511,24.43655094570584,0.04849284776719287,22.977565908432005,720,32.84425234794617,2103.7991626262665
espcn,baseline,div2k,4,blur,0.5,64,2925,0.051484744581911296,24.673834737141927,0.04824883494293317,22.915946006774902,720,32.956303119659424,2136.755465745926
espcn,baseline,div2k,4,blur,0.5,65,2970,0.05041345465514395,24.723034795125326,0.04745512737426907,23.055558371543885,720,32.916658878326416,2169.6721246242523
espcn,baseline,div2k,4,blur,0.5,66,3015,0.050609674139155285,24.673937606811524,0.04708340094657615,23.052917349338532,720,32.93530583381653,2202.607430458069
espcn,baseline,div2k,4,blur,0.5,67,3060,0.05005098469555378,24.626490953233507,0.0463934883242473,23.115794396400453,720,32.85057091712952,2235.4580013751984
espcn,baseline,div2k,4,blur,0.5,68,3105,0.05054266005754471,24.71331108940972,0.047401966014876964,23.007375049591065,720,33.053470849990845,2268.511472225189
espcn,baseline,div2k,4,blur,0.5,69,3150,0.05037865597340796,24.6023804558648,0.04740954303415492,23.051866900920867,720,33.00428295135498,2301.515755176544
espcn,baseline,div2k,4,blur,0.5,70,3195,0.0519671934346358,24.4454162173801,0.050422869785688815,22.784414052963257,720,32.88495993614197,2334.400715112686
espcn,baseline,div2k,4,blur,0.5,71,3240,0.05221838545468119,24.493692694769965,0.04742240892956033,23.05648341178894,720,32.90563607215881,2367.306351184845
espcn,baseline,div2k,4,blur,0.5,72,3285,0.049774922182162604,25.141853247748482,0.04654111561831087,23.09782178401947,720,32.98832106590271,2400.2946722507477
espcn,baseline,div2k,4,blur,0.5,73,3330,0.05174725221263038,24.69765519036187,0.046526794973760846,23.105766439437865,720,32.965561866760254,2433.260234117508
espcn,baseline,div2k,4,blur,0.5,74,3375,0.049279259890317915,24.954977968004016,0.04755844378378242,23.00678954124451,720,32.95147109031677,2466.2117052078247
espcn,baseline,div2k,4,blur,0.5,75,3420,0.04875200084514088,25.266098573472764,0.046003707277122885,23.148964560031892,720,32.98674416542053,2499.1984493732452
espcn,baseline,div2k,4,blur,0.5,76,3465,0.0497559233672089,25.24208797878689,0.046278618148062375,23.121295273303986,720,32.954249143600464,2532.1526985168457
espcn,baseline,div2k,4,blur,0.5,77,3510,0.050774782647689184,24.86560796101888,0.048141089454293254,23.00262540578842,720,33.00388026237488,2565.1565787792206
espcn,baseline,div2k,4,blur,0.5,78,3555,0.05075488496157858,24.83057238260905,0.046567734295967965,23.119124627113344,720,32.94149088859558,2598.098069667816
espcn,baseline,div2k,4,blur,0.5,79,3600,0.05181110815869437,24.623847749498154,0.04781483286060393,23.02558754682541,720,33.00383472442627,2631.1019043922424
espcn,baseline,div2k,4,blur,0.5,80,3645,0.05113362843791644,24.42080938551161,0.04602182286325842,23.16089520454407,720,32.89214277267456,2663.994047164917
espcn,baseline,div2k,4,blur,0.5,81,3690,0.0506869837641716,24.837168714735242,0.04633717200485989,23.134123182296754,720,32.96015381813049,2696.9542009830475
espcn,baseline,div2k,4,blur,0.5,82,3735,0.052536433024538885,24.631193542480467,0.04668859903467819,23.11736010313034,720,33.01679801940918,2729.9709990024567
espcn,baseline,div2k,4,blur,0.5,83,3780,0.05093718274599976,24.737556160820855,0.047117851546499875,23.063683903217317,720,33.324193239212036,2763.2951922416687
espcn,baseline,div2k,4,blur,0.5,84,3825,0.048259285009569594,25.232445526123048,0.04715544548816979,23.06413470506668,720,33.02062010765076,2796.3158123493195
espcn,baseline,div2k,4,blur,0.5,85,3870,0.050732140822543036,24.87913530137804,0.04763476367807016,23.031112122535706,720,32.80608415603638,2829.121896505356
espcn,baseline,div2k,4,blur,0.5,86,3915,0.05126416625248061,24.86422479417589,0.046663065208122134,23.13408319950104,720,32.90555191040039,2862.027448415756
espcn,baseline,div2k,4,blur,0.5,87,3960,0.050395211204886436,25.0578372531467,0.04672426987672225,23.098273181915282,720,32.96209096908569,2894.989539384842
espcn,baseline,div2k,4,blur,0.5,88,4005,0.05079653445217344,24.822535790337458,0.045832742273341866,23.182588696479797,720,32.90097522735596,2927.890514612198
espcn,baseline,div2k,4,blur,0.5,89,4050,0.04838584702875879,25.188106282552084,0.04658076121704653,23.11280847787857,720,32.99133110046387,2960.8818457126617
espcn,baseline,div2k,4,blur,0.5,90,4095,0.04977163275082906,25.250531429714627,0.045900619227904824,23.183396100997925,720,32.90890979766846,2993.79075551033
espcn,baseline,div2k,4,blur,0.5,91,4140,0.05145886209275988,24.61216583251953,0.04816371260676533,23.00472719669342,720,33.01847195625305,3026.8092274665833
espcn,baseline,div2k,4,blur,0.5,92,4185,0.049854429148965415,24.909258694118925,0.04693679123884067,23.084409940242768,720,33.03077507019043,3059.8400025367737
espcn,baseline,div2k,4,blur,0.5,93,4230,0.04758584706319703,25.262451299031575,0.0468015251099132,23.1276207447052,720,33.022438287734985,3092.8624408245087
espcn,baseline,div2k,4,blur,0.5,94,4275,0.04840446983774503,25.19180963304308,0.04640919757075608,23.12383713722229,720,33.02636003494263,3125.8888008594513
espcn,baseline,div2k,4,blur,0.5,95,4320,0.049214860383007264,25.428632481892905,0.04585130211198703,23.18235400915146,720,32.93612718582153,3158.824928045273
espcn,baseline,div2k,4,blur,0.5,96,4365,0.04839148041274813,25.292355219523113,0.046706869988702236,23.138768434524536,720,32.999335050582886,3191.8242630958557
espcn,baseline,div2k,4,blur,0.5,97,4410,0.049867367496093114,25.142413160536023,0.046032425726298246,23.157332706451417,720,32.9721999168396,3224.7964630126953
espcn,baseline,div2k,4,blur,0.5,98,4455,0.049015603959560394,25.402929051717123,0.04771607589209452,23.03182394504547,720,33.02957010269165,3257.826033115387
espcn,baseline,div2k,4,blur,0.5,99,4500,0.04832473542127344,25.41941435072157,0.04576237212168053,23.194998955726625,720,33.00738477706909,3290.833417892456
espcn,baseline,div2k,4,blur,0.5,100,4545,0.048215282501445876,25.55152693854438,0.04828254090389237,22.951779747009276,720,32.93469595909119,3323.7681138515472
espcn,baseline,div2k,4,blur,0.5,101,4590,0.05095869873960813,24.75067532857259,0.04607689874246716,23.17994067668915,720,32.95187187194824,3356.7199857234955
espcn,baseline,div2k,4,blur,0.5,102,4635,0.048514948702520794,25.491669294569228,0.04611723069101572,23.161859393119812,720,33.00062680244446,3389.72061252594
espcn,baseline,div2k,4,blur,0.5,103,4680,0.05055264681577683,24.88310432434082,0.046309411688707766,23.147114515304565,720,32.97363805770874,3422.6942505836487
espcn,baseline,div2k,4,blur,0.5,104,4725,0.05160162953866853,24.747916836208766,0.045968012395314874,23.181046724319458,720,33.00209379196167,3455.6963443756104
espcn,baseline,div2k,4,blur,0.5,105,4770,0.04986886158585548,24.882948387993707,0.04949144856072962,22.88796340227127,720,32.910884857177734,3488.607229232788
espcn,baseline,div2k,4,blur,0.5,106,4815,0.0499820431901349,24.99864239162869,0.0482436899212189,22.997684919834136,720,32.87940502166748,3521.4866342544556
espcn,baseline,div2k,4,blur,0.5,107,4860,0.04872683427400059,25.201814142862954,0.04756560199894011,23.077790439128876,720,32.93437480926514,3554.4210090637207
espcn,baseline,div2k,4,blur,0.5,108,4905,0.04814335679014524,25.334801228841147,0.04782158716116101,23.009129869937897,720,32.92260813713074,3587.3436172008514
espcn,baseline,div2k,4,blur,0.5,109,4950,0.04985429843266805,25.122262658013238,0.04935119827277958,22.894962656497956,720,32.98160004615784,3620.3252172470093
espcn,baseline,div2k,4,blur,0.5,110,4995,0.05081052573190795,24.82571750217014,0.04729299646569416,23.05797426700592,720,32.89461803436279,3653.219835281372
espcn,baseline,div2k,4,blur,0.5,111,5040,0.05054512702756458,24.870262230767143,0.046121894777752456,23.178581333160402,720,32.96842813491821,3686.1882634162903
espcn,stagewise,div2k,4,blur,0.5,0,14,0.3230865608762812,10.20339082788538,0.21244621463119984,11.499273943901063,216,13.940690279006958,13.940690279006958
espcn,stagewise,div2k,4,blur,0.5,1,28,0.19418786300553215,13.055256631639269,0.13604394118301572,15.254050230979919,216,14.321794033050537,28.262484312057495
espcn,stagewise,div2k,4,blur,0.5,2,42,0.14588536266927365,15.164083728083858,0.10364759569056332,17.439699447155,216,14.39531683921814,42.657801151275635
espcn,stagewise,div2k,4,blur,0.5,3,56,0.11587299516907444,16.95224747834382,0.08805280206725001,18.68484182357788,216,14.278989791870117,56.93679094314575
espcn,stagewise,div2k,4,blur,0.5,4,70,0.10372324425865102,17.871742672390408,0.08402098189108073,19.083188021183012,216,14.370935201644897,71.30772614479065
espcn,stagewise,div2k,4,blur,0.5,5,84,0.09339302861028248,18.267154693603516,0.06987653791438789,20.36088811159134,216,14.40012001991272,85.70784616470337
espcn,stagewise,div2k,4,blur,0.5,6,98,0.08377409671191816,19.31887619583695,0.06534824252594262,20.791615462303163,216,14.358867883682251,100.06671404838562
espcn,stagewise,div2k,4,blur,0.5,7,112,0.08054876824220021,19.750612682766384,0.06506455293856561,20.819975805282592,216,14.34431004524231,114.41102409362793
espcn,stagewise,div2k,4,blur,0.5,8,126,0.08122735415343885,19.441730499267578,0.06391901487950236,20.997481322288515,216,14.375312089920044,128.78633618354797
espcn,stagewise,div2k,4,blur,0.5,9,140,0.07383069975508584,20.4608312536169,0.06077894719783217,21.265817320346834,216,14.273142099380493,143.05947828292847
espcn,stagewise,div2k,4,blur,0.5,10,154,0.07253413675007997,20.602193903040003,0.06257124128751457,21.18299745321274,216,14.326157093048096,157.38563537597656
espcn,stagewise,div2k,4,blur,0.5,11,168,0.07118202552751259,20.534882722077548,0.06361699486151337,21.00002747774124,216,14.241703987121582,171.62733936309814
espcn,stagewise,div2k,4,blur,0.5,12,182,0.07347035242451562,20.787732583505136,0.06911806382704526,20.651757979393004,216,14.307033061981201,185.93437242507935
espcn,stagewise,div2k,4,blur,0.5,13,196,0.06857175324802045,21.21882664715802,0.05833101912867278,21.549942541122437,216,14.242715120315552,200.1770875453949
espcn,stagewise,div2k,4,blur,0.5,14,210,0.06814414179987377,21.141557764123988,0.05663074164185673,21.71797001361847,216,14.246367931365967,214.42345547676086
espcn,stagewise,div2k,4,blur,0.5,15,224,0.0664993229287642,21.409010427969474,0.05685265748761594,21.710804510116578,216,14.252830028533936,228.6762855052948
espcn,stagewise,div2k,4,blur,0.5,16,238,0.06686174897132097,21.51718874330874,0.057239207252860066,21.706730020046233,216,14.2956862449646,242.9719717502594
espcn,stagewise,div2k,4,blur,0.5,17,252,0.06504436554732146,21.727771052607782,0.0552559515228495,21.8897505402565,216,14.247442960739136,257.21941471099854
espcn,stagewise,div2k,4,blur,0.5,18,266,0.0629142611115067,22.03366936577691,0.05521170198917389,21.922474098205566,216,14.190776109695435,271.41019082069397
espcn,stagewise,div2k,4,blur,0.5,19,280,0.06644028038890273,21.344002335159868,0.06256663280073553,21.262663149833678,216,14.254489660263062,285.66468048095703
espcn,stagewise,div2k,4,blur,0.5,20,294,0.06179790488547749,21.983492038868093,0.05686411873903126,21.789164662361145,216,14.219624757766724,299.88430523872375
espcn,stagewise,div2k,4,blur,0.5,21,308,0.06778185069561005,21.36868886594419,0.05531200240366161,21.948735988140108,216,14.16714882850647,314.0514540672302
espcn,stagewise,div2k,4,blur,0.5,22,322,0.062054358146808763,22.052134125321,0.056006318889558315,21.9113428235054,216,14.276171922683716,328.32762598991394
espcn,stagewise,div2k,4,blur,0.5,23,336,0.06176763027906418,22.013393896597403,0.058527384605258706,21.701019167900085,216,14.203082084655762,342.5307080745697
espcn,stagewise,div2k,4,blur,0.5,24,350,0.05998428359075829,22.353206846449112,0.05310247429879382,22.173952889442443,216,14.291914939880371,356.8226230144501
espcn,stagewise,div2k,4,blur,0.5,25,364,0.057162422548841546,22.96279737684462,0.05407294766046107,22.116412675380708,216,14.339863061904907,371.162486076355
espcn,stagewise,div2k,4,blur,0.5,26,378,0.05893016316824489,22.663367094816984,0.05272028942126781,22.23452067375183,216,14.309916973114014,385.472403049469
espcn,stagewise,div2k,4,blur,0.5,27,392,0.05808056311474906,22.805157414189093,0.05409704346675426,22.124833393096925,216,14.376314878463745,399.84871792793274
espcn,stagewise,div2k,4,blur,0.5,28,406,0.058718140754434794,22.537601894802517,0.051976901094894855,22.324881637096404,216,14.285030126571655,414.1337480545044
espcn,stagewise,div2k,4,blur,0.5,29,420,0.059108407547076545,22.677385118272568,0.053218020242638886,22.218049073219298,216,14.306690692901611,428.440438747406
espcn,stagewise,div2k,4,blur,0.5,30,434,0.06234550200126789,22.267696592542862,0.05344965101685375,22.240736734867095,216,14.363357782363892,442.8037965297699
espcn,stagewise,div2k,4,blur,0.5,31,448,0.06234304110209147,22.63016679551866,0.055350919044576584,22.00031280517578,216,14.315261840820312,457.1190583705902
espcn,stagewise,div2k,4,blur,0.5,32,462,0.062200051766854746,22.481905336733217,0.051595402613747864,22.39706223011017,216,14.37198781967163,471.49104619026184
espcn,stagewise,div2k,4,blur,0.5,33,476,0.060476722540678804,22.65550344961661,0.05260722654638812,22.289509618282317,216,14.316235065460205,485.80728125572205
espcn,stagewise,div2k,4,blur,0.5,34,490,0.06406763637507404,22.180736824318213,0.06096782279200852,21.698746037483215,216,14.273252725601196,500.08053398132324
espcn,stagewise,div2k,4,blur,0.5,35,504,0.06141667040409865,22.53435926084165,0.05619738316163421,21.958788537979125,216,14.36058497428894,514.4411189556122
espcn,stagewise,div2k,4,blur,0.5,36,518,0.062489535521577905,22.196879987363463,0.05364631088450551,22.28871511220932,216,14.330720901489258,528.7718398571014
espcn,stagewise,div2k,4,blur,0.5,37,532,0.05447983162270652,23.567725428828485,0.0508681945502758,22.489554226398468,216,14.449536085128784,543.2213759422302
espcn,stagewise,div2k,4,blur,0.5,38,546,0.055374298658635884,23.236105247780127,0.054509012028574944,22.202481400966644,216,14.566586256027222,557.7879621982574
espcn,stagewise,div2k,4,blur,0.5,39,560,0.05543169379234314,23.220359802246094,0.05311545601580292,22.284646451473236,216,14.48319697380066,572.2711591720581
espcn,stagewise,div2k,4,blur,0.5,40,574,0.05969515360063977,22.739850220856844,0.05151576524367556,22.45563635826111,216,14.39899492263794,586.670154094696
espcn,stagewise,div2k,4,blur,0.5,41,588,0.053109874465951216,23.45204918472855,0.05201305764494464,22.436183357238768,216,14.431947946548462,601.1021020412445
espcn,stagewise,div2k,4,blur,0.5,42,602,0.05722878845753493,23.156104335078485,0.05098388344049454,22.51644448041916,216,14.397928237915039,615.5000302791595
espcn,stagewise,div2k,4,blur,0.5,43,616,0.05420795096843331,23.414221445719402,0.05044188965111971,22.551982831954955,216,14.40789008140564,629.9079203605652
espcn,stagewise,div2k,4,blur,0.5,44,630,0.05480015057104605,23.425563670970774,0.050407795805949715,22.572228395938872,216,14.383908987045288,644.2918293476105
espcn,stagewise,div2k,4,blur,0.5,45,644,0.05236885972596981,23.79299870243779,0.05046655077021569,22.5699547290802,216,14.356886863708496,658.648716211319
espcn,stagewise,div2k,4,blur,0.5,46,658,0.05415652085233618,23.733949449327255,0.05114159401273355,22.4954026222229,216,14.374799013137817,673.0235152244568
espcn,stagewise,div2k,4,blur,0.5,47,672,0.05343932672231286,24.0603150261773,0.051255165971815585,22.51732099056244,216,14.440936803817749,687.4644520282745
espcn,stagewise,div2k,4,blur,0.5,48,686,0.05463813673014994,23.614460203382706,0.04998189340112731,22.605479288101197,216,14.364072799682617,701.8285248279572
espcn,stagewise,div2k,4,blur,0.5,49,700,0.05550291596187486,23.090027138038916,0.05221443714108318,22.42416684627533,216,14.43930196762085,716.267826795578
espcn,stagewise,div2k,4,blur,0.5,50,714,0.057935571780911195,23.144378238254124,0.050346178223844615,22.59764838218689,216,14.455301761627197,730.7231285572052
espcn,stagewise,div2k,4,blur,0.5,51,728,0.05211058755715688,24.035227175112123,0.05216692436952144,22.436249434947968,216,14.473009824752808,745.196138381958
espcn,stagewise,div2k,4,blur,0.5,52,742,0.05341920049654113,23.525965725934064,0.049837139586452396,22.636653327941893,216,14.47461986541748,759.6707582473755
espcn,stagewise,div2k,4,blur,0.5,53,756,0.05441386694157565,23.22049684877749,0.04965642145834863,22.661935341358184,216,14.533936977386475,774.204695224762
espcn,stagewise,div2k,4,blur,0.5,54,770,0.05575489777105826,23.102059682210285,0.049906979454681276,22.643748211860657,216,14.563068151473999,788.767763376236
espcn,stagewise,div2k,4,blur,0.5,55,784,0.05633147833523927,23.176165969283492,0.0528942120494321,22.414007019996642,216,14.464966297149658,803.2327296733856
espcn,stagewise,div2k,4,blur,0.5,56,798,0.054939660209196585,23.556754783347802,0.05034952461719513,22.63534631729126,216,14.558818101882935,817.7915477752686
espcn,stagewise,div2k,4,blur,0.5,57,812,0.051913916098850744,24.063334853560836,0.04966423760633916,22.67389678955078,216,14.527549982070923,832.3190977573395
espcn,stagewise,div2k,4,blur,0.5,58,826,0.05624198692816275,23.44060191401729,0.04929888561600819,22.71410822868347,216,14.569407939910889,846.8885056972504
espcn,stagewise,div2k,4,blur,0.5,59,840,0.05432325160061872,23.780276263201678,0.05269642702769488,22.49136357307434,216,14.543965816497803,861.4324715137482
espcn,stagewise,div2k,4,blur,0.5,60,854,0.054006614066936354,24.010100188078702,0.05020871864398942,22.643744397163392,216,14.485739946365356,875.9182114601135
espcn,stagewise,div2k,4,blur,0.5,61,868,0.05401558497989619,23.52211161013003,0.04954880905570462,22.706314039230346,216,14.518834114074707,890.4370455741882
espcn,stagewise,div2k,4,blur,0.5,62,882,0.053636140569492625,23.64011693883825,0.05354948716703802,22.38508994579315,216,14.606428861618042,905.0434744358063
espcn,stagewise,div2k,4,blur,0.5,63,896,0.06044638170688241,22.888525079797816,0.05636981828138232,22.13264639377594,216,14.509063005447388,919.5525374412537
espcn,stagewise,div2k,4,blur,0.5,64,910,0.05177738186385897,23.86964981644242,0.050637670035939664,22.597639977931976,216,14.514977931976318,934.06751537323
espcn,stagewise,div2k,4,blur,0.5,65,924,0.05392363225972211,23.511440559669776,0.051843170332722364,22.50332682132721,216,14.463395118713379,948.5309104919434
espcn,stagewise,div2k,4,blur,0.5,66,938,0.05633727157557452,23.434509489271377,0.052004995895549654,22.50662841796875,216,14.541140794754028,963.0720512866974
espcn,stagewise,div2k,4,blur,0.5,67,952,0.054594166300914904,23.58460447523329,0.05172485369257629,22.574536633491515,216,14.442867994308472,977.5149192810059
espcn,stagewise,div2k,4,blur,0.5,68,966,0.05699416801885322,23.38585888897931,0.05014439696678892,22.63121919631958,216,14.5187246799469,992.0336439609528
espcn,stagewise,div2k,4,blur,0.5,69,980,0.052437875833776265,23.816078609890408,0.04924356060801074,22.729921090602875,216,14.422746896743774,1006.4563908576965
espcn,stagewise,div2k,4,blur,0.5,70,994,0.0537533406858091,23.55386324282046,0.050650913745630535,22.643600523471832,216,14.478241205215454,1020.934632062912
espcn,stagewise,div2k,4,blur,0.5,71,1008,0.055571659847542094,23.63888422648112,0.04962360796052963,22.67508211135864,216,14.466272830963135,1035.4009048938751
espcn,stagewise,div2k,4,blur,0.5,72,1022,0.052015544915640796,23.86502781620732,0.0492833019932732,22.75474350452423,216,14.507434844970703,1049.9083397388458
espcn,stagewise,div2k,4,blur,0.5,73,1036,0.053528616273844684,23.705140431722004,0.051253845437895504,22.617079734802246,216,14.432093858718872,1064.3404335975647
espcn,stagewise,div2k,4,blur,0.5,74,1050,0.058604140386537266,23.00220305831344,0.051473350659944114,22.523566913604736,216,14.466839075088501,1078.8072726726532
espcn,stagewise,div2k,4,blur,0.5,75,1064,0.054956907475436176,23.535296899301034,0.04850150168640539,22.79830504655838,216,14.482601881027222,1093.2898745536804
espcn,stagewise,div2k,4,blur,0.5,76,1078,0.051046985718939036,24.046423452871817,0.04939811559161171,22.75268179178238,216,14.52754807472229,1107.8174226284027
espcn,stagewise,div2k,4,blur,0.5,77,1092,0.05480673026155542,23.475978427463108,0.049017804570030424,22.764289212226867,216,14.429049968719482,1122.2464725971222
espcn,stagewise,div2k,4,blur,0.5,78,1106,0.056831109854910106,23.447080753467702,0.05267824935726821,22.4919753909111,216,14.531664848327637,1136.7781374454498
espcn,stagewise,div2k,4,blur,0.5,79,1120,0.053022984277319024,23.93598062020761,0.04906797026051209,22.75607612133026,216,14.599248886108398,1151.3773863315582
espcn,stagewise,div2k,4,blur,0.5,80,1134,0.055006870654998,23.709984885321724,0.05115260819438845,22.606632566452028,216,14.506974935531616,1165.8843612670898
espcn,stagewise,div2k,4,blur,0.5,81,1148,0.05467337783839968,23.487202679669416,0.04861156148836017,22.81786060333252,216,14.518174886703491,1180.4025361537933
espcn,stagewise,div2k,4,blur,0.5,82,1162,0.049994682134301575,24.49892340766059,0.05380945901852101,22.39508589506149,216,14.562964916229248,1194.9655010700226
espcn,stagewise,div2k,4,blur,0.5,83,1176,0.053861874949049066,23.596262613932293,0.049628053267952055,22.743468630313874,216,14.539617776870728,1209.5051188468933
espcn,stagewise,div2k,4,blur,0.5,84,1190,0.053691939623267564,23.97396257188585,0.0486963166622445,22.813211154937743,216,14.518352031707764,1224.023470878601
espcn,stagewise,div2k,4,blur,0.5,85,1204,0.05094172267450227,24.44481560035988,0.04881661685649306,22.80061889886856,216,14.573517084121704,1238.5969879627228
espcn,stagewise,div2k,4,blur,0.5,86,1218,0.049422680503792234,24.680695215861004,0.04840114196995273,22.825727880001068,216,14.574973821640015,1253.1719617843628
espcn,stagewise,div2k,4,blur,0.5,87,1232,0.050971052436916915,24.516920231006765,0.04928443883545697,22.794176733493806,216,14.524276971817017,1267.6962387561798
espcn,stagewise,div2k,4,blur,0.5,88,1246,0.051132222706521,24.108488082885742,0.05077984618255869,22.669958007335662,216,14.518594980239868,1282.2148337364197
espcn,stagewise,div2k,4,blur,0.5,89,1260,0.05306104487842984,23.885496704666703,0.0482903216034174,22.85772485733032,216,14.495288133621216,1296.710121870041
espcn,stagewise,div2k,4,blur,0.5,90,1274,0.0574280247092247,23.57053276344582,0.06002304332796484,21.852910673618318,216,14.598870038986206,1311.308991909027
espcn,stagewise,div2k,4,blur,0.5,91,1288,0.05278344217825819,24.251024316858363,0.04888916889904067,22.798864102363588,216,14.55830717086792,1325.867299079895
espcn,stagewise,div2k,4,blur,0.5,92,1302,0.0514613296146746,24.282913278650355,0.04873519283719361,22.826727056503294,216,14.55092978477478,1340.4182288646698
espcn,stagewise,div2k,4,blur,0.5,93,1316,0.04953603446483612,24.484630867286963,0.050758821540512145,22.698288547992707,216,14.546495199203491,1354.9647240638733
espcn,stagewise,div2k,4,blur,0.5,94,1330,0.05499522650131473,23.541521849455656,0.04869493501028046,22.819823360443117,216,14.570188999176025,1369.5349130630493
espcn,stagewise,div2k,4,blur,0.5,95,1344,0.049678348280765394,24.52155798452872,0.05679059231188148,22.147446393966675,216,14.536680936813354,1384.0715939998627
espcn,stagewise,div2k,4,blur,0.5,96,1358,0.05139501075501795,24.48029609962746,0.04885303681949153,22.78151853084564,216,14.51857590675354,1398.5901699066162
espcn,stagewise,div2k,4,blur,0.5,97,1372,0.04869911019448881,24.573587135032373,0.04782864018343389,22.896964073181152,216,14.542578935623169,1413.1327488422394
espcn,stagewise,div2k,4,blur,0.5,98,1386,0.04997465869894734,24.488087124294704,0.04789008575025946,22.90690975189209,216,14.542021036148071,1427.6747698783875
espcn,stagewise,div2k,4,blur,0.5,99,1400,0.05068991664383146,24.20992229602955,0.048134253069292754,22.889240038394927,216,14.536402940750122,1442.2111728191376
espcn,stagewise,div2k,4,blur,0.5,100,1414,0.050083817155272874,24.40016527529116,0.051555176090914756,22.619880986213683,216,14.583579063415527,1456.794751882553
espcn,stagewise,div2k,4,blur,0.5,101,1428,0.05165818816533795,24.28197154292354,0.05068654088536277,22.63357820510864,216,14.510098218917847,1471.304850101471
espcn,stagewise,div2k,4,blur,0.5,102,1442,0.05645488092192897,23.600935052942347,0.056845851545222106,22.07735549211502,216,14.503865003585815,1485.8087151050568
espcn,stagewise,div2k,4,blur,0.5,103,1456,0.05764976723326577,23.181868659125435,0.04930674723582342,22.76938486099243,216,14.62900710105896,1500.4377222061157
espcn,stagewise,div2k,4,blur,0.5,104,1470,0.05363442086511188,23.647497600979275,0.050174545496702194,22.75177880525589,216,14.559834957122803,1514.9975571632385
espcn,stagewise,div2k,4,blur,0.5,105,1484,0.052740719031404565,23.693922184131765,0.05013635950163007,22.733370423316956,216,14.525053024291992,1529.5226101875305
espcn,stagewise,div2k,4,blur,0.5,106,1498,0.05106627196073532,24.099558653654874,0.05026891061570495,22.688051533699035,216,14.553894996643066,1544.0765051841736
espcn,stagewise,div2k,4,blur,0.5,107,1512,0.05197995956297274,24.254632031476056,0.0493333293357864,22.812467420101164,216,14.534045934677124,1558.6105511188507
espcn,stagewise,div2k,4,blur,0.5,108,1526,0.05073908343911171,24.225406434800888,0.0482600285904482,22.88112554550171,216,14.471296072006226,1573.081847190857
espcn,stagewise,div2k,4,blur,0.5,109,1540,0.05098949345173659,23.921212796811705,0.04756404684158042,22.942807257175446,216,14.5836181640625,1587.6654653549194
espcn,stagewise,div2k,4,blur,0.5,110,1554,0.0492525878879759,24.35569339328342,0.05014477064833045,22.72616837024689,216,14.50967812538147,1602.175143480301
espcn,stagewise,div2k,4,blur,0.5,111,1568,0.050758711717746874,24.378124519630713,0.05148318472784012,22.637187135219573,216,14.545559883117676,1616.7207033634186
espcn,stagewise,div2k,4,blur,0.5,112,1582,0.05377432428024433,23.831209747879594,0.05001382225891575,22.716409230232237,216,14.578479766845703,1631.2991831302643
espcn,stagewise,div2k,4,blur,0.5,113,1596,0.05027778419079604,24.38682994136104,0.04769902258412913,22.930242347717286,216,14.620240688323975,1645.9194238185883
espcn,stagewise,div2k,4,blur,0.5,114,1610,0.04996875094042884,24.59207640753852,0.047530705388635394,22.939571571350097,216,14.585694789886475,1660.5051186084747
espcn,stagewise,div2k,4,blur,0.5,115,1624,0.050861486682185424,24.801281257911963,0.05320433198940009,22.522155702114105,216,14.57750129699707,1675.0826199054718
espcn,stagewise,div2k,4,blur,0.5,116,1638,0.04978438190839909,24.06370445534035,0.048183098470326514,22.898561215400697,216,14.528416872024536,1689.6110367774963
espcn,stagewise,div2k,4,blur,0.5,117,1652,0.051421604222721524,24.01453929477268,0.04860607726732269,22.86737127304077,216,14.519370794296265,1704.1304075717926
espcn,stagewise,div2k,4,blur,0.5,118,1666,0.051134129917180096,24.15320770828812,0.04849827039288357,22.899158573150636,216,14.565506935119629,1718.6959145069122
espcn,stagewise,div2k,4,blur,0.5,119,1680,0.06191282015707758,22.602885281598127,0.048775538185145705,22.82304742336273,216,14.477705001831055,1733.1736195087433
espcn,stagewise,div2k,4,blur,0.5,120,1694,0.06879220626972339,21.324669943915474,0.048936553252860907,22.883496713638305,216,14.742631912231445,1747.9162514209747
espcn,stagewise,div2k,4,blur,0.5,121,1708,0.06260842153871501,22.368561850653755,0.049462694267276675,22.748441982269288,216,14.565326929092407,1762.4815783500671
espcn,stagewise,div2k,4,blur,0.5,122,1722,0.059338800609111786,22.705799950493706,0.04782109389780089,22.950015866756438,216,14.785638093948364,1777.2672164440155
espcn,stagewise,div2k,4,blur,0.5,123,1736,0.0618620318947015,22.642007969043874,0.048066542763262984,22.939641308784484,216,14.781005144119263,1792.0482215881348
espcn,stagewise,div2k,4,blur,0.5,124,1750,0.06061509306784029,22.34601946230288,0.04806248528184369,22.924966645240783,216,14.830610036849976,1806.8788316249847
espcn,stagewise,div2k,4,blur,0.5,125,1764,0.0632530769540204,22.08371904161241,0.04821003613760695,22.89920585155487,216,14.77117109298706,1821.6500027179718
espcn,stagewise,div2k,4,blur,0.5,126,1778,0.0659442773019826,21.677315323441118,0.04935458322288468,22.82971062660217,216,14.951338052749634,1836.6013407707214
espcn,stagewise,div2k,4,blur,0.5,127,1792,0.0645957270430194,22.060164274992765,0.04787096624495461,22.941026401519775,216,14.87802791595459,1851.479368686676
espcn,stagewise,div2k,4,blur,0.5,128,1806,0.0681453835633066,21.284226240935148,0.04809999520657584,22.944524252414702,216,14.98963975906372,1866.4690084457397
espcn,stagewise,div2k,4,blur,0.5,129,1820,0.06395658519532946,22.09287572790075,0.05157345858169719,22.568366980552675,216,14.894953966140747,1881.3639624118805
espcn,stagewise,div2k,4,blur,0.5,130,1834,0.0659426188579312,21.763099034627277,0.04884436489082873,22.873235034942628,216,14.93467402458191,1896.2986364364624
espcn,stagewise,div2k,4,blur,0.5,131,1848,0.06518683541152212,21.853589022601092,0.04718103145714849,22.996687388420106,216,14.89404582977295,1911.1926822662354
espcn,stagewise,div2k,4,blur,0.5,132,1862,0.06587583792430383,21.587794339215314,0.048203625960741195,22.89750759601593,216,14.927827835083008,1926.1205101013184
espcn,stagewise,div2k,4,blur,0.5,133,1876,0.06084219807827914,22.451723593252677,0.04811696840915829,22.915184569358825,216,14.879652261734009,1941.0001623630524
espcn,stagewise,div2k,4,blur,0.5,134,1890,0.06306275739162057,21.90832272282353,0.0490474411752075,22.830963122844697,216,14.882529973983765,1955.8826923370361
espcn,stagewise,div2k,4,blur,0.5,135,1904,0.06972249073010904,21.206773828577113,0.056284264125861225,22.2438742518425,216,14.872357845306396,1970.7550501823425
espcn,stagewise,div2k,4,blur,0.5,136,1918,0.06633603048545343,21.84021490591544,0.04848794075660408,22.895858192443846,216,14.87711787223816,1985.6321680545807
espcn,stagewise,div2k,4,blur,0.5,137,1932,0.06296678039210814,21.90101863719799,0.04758937058504671,22.995252537727357,216,14.936150074005127,2000.5683181285858
espcn,stagewise,div2k,4,blur,0.5,138,1946,0.06567063486134564,21.82193374633789,0.04724913222016767,23.00948224067688,216,14.831409215927124,2015.399727344513
espcn,stagewise,div2k,4,blur,0.5,139,1960,0.06267236117963437,22.286788163361727,0.04885766747174784,22.837256836891175,216,14.869224309921265,2030.2689516544342
espcn,stagewise,div2k,4,blur,0.5,140,1974,0.06530796432936634,21.709873623318142,0.04752153204753995,23.003002095222474,216,14.89966893196106,2045.1686205863953
espcn,stagewise,div2k,4,blur,0.5,141,1988,0.06497674090442834,21.631853174280238,0.0492651705397293,22.857644402980803,216,14.920475006103516,2060.089095592499
espcn,stagewise,div2k,4,blur,0.5,142,2002,0.06651048031118181,21.727913467972368,0.04771918738260865,23.001390147209168,216,14.939424991607666,2075.0285205841064
espcn,stagewise,div2k,4,blur,0.5,143,2016,0.06441167590242845,22.113362065068,0.04771967426640913,22.984932279586793,216,14.894092082977295,2089.9226126670837
espcn,stagewise,div2k,4,blur,0.5,144,2030,0.061611777654400575,22.23272556728787,0.04709637826308608,23.030125880241393,216,14.86921501159668,2104.7918276786804
espcn,stagewise,div2k,4,blur,0.5,145,2044,0.06448749370045131,21.831371589943213,0.0482911613304168,22.928952550888063,216,14.685862302780151,2119.4776899814606
espcn,stagewise,div2k,4,blur,0.5,146,2058,0.06367231339768127,22.154892532913774,0.0477021349593997,22.96997697353363,216,14.694284677505493,2134.171974658966
espcn,stagewise,div2k,4,blur,0.5,147,2072,0.06256213425486176,22.31830060040509,0.047688939736690375,23.012999606132507,216,14.667730808258057,2148.839705467224
espcn,stagewise,div2k,4,blur,0.5,148,2086,0.06461871801703065,21.781135064584237,0.05016891785198822,22.8160840511322,216,14.500317096710205,2163.3400225639343
espcn,stagewise,div2k,4,blur,0.5,149,2100,0.06361054767061163,21.994010784007884,0.048274587653577325,22.931865537166594,216,14.524008989334106,2177.8640315532684
espcn,stagewise,div2k,4,blur,0.5,150,2114,0.06289220753091353,22.115216007939093,0.046843024052213876,23.06361241340637,216,14.504869222640991,2192.3689007759094
espcn,stagewise,div2k,4,blur,0.5,151,2128,0.06341457808459247,21.95733868634259,0.04803751462604851,22.969346022605897,216,14.439466953277588,2206.808367729187
espcn,stagewise,div2k,4,blur,0.5,152,2142,0.0631165987363568,22.338605174311883,0.04959801170043647,22.85704063177109,216,14.46480393409729,2221.2731716632843
espcn,stagewise,div2k,4,blur,0.5,153,2156,0.06543551026671021,21.89850178471318,0.05232600246090442,22.564985966682436,216,14.492994785308838,2235.766166448593
espcn,stagewise,div2k,4,blur,0.5,154,2170,0.06418126987086402,21.907168494330513,0.05806031094398349,21.920453596115113,216,14.577507257461548,2250.3436737060547
espcn,stagewise,div2k,4,blur,0.5,155,2184,0.07040403010668578,21.235836523550528,0.05415165177546442,22.392047595977782,216,14.61981201171875,2264.9634857177734
espcn,stagewise,div2k,4,blur,0.5,156,2198,0.06233477068168146,22.274227990044487,0.04807447569910437,22.982055568695067,216,14.574836015701294,2279.5383217334747
espcn,stagewise,div2k,4,blur,0.5,157,2212,0.06065942760970858,22.46247016059028,0.04743303160648793,23.03757236003876,216,14.606574773788452,2294.144896507263
espcn,stagewise,div2k,4,blur,0.5,158,2226,0.0658522888466164,21.725123935275608,0.04716616425430402,23.023167181015015,216,14.592364072799683,2308.737260580063
espcn,stagewise,div2k,4,blur,0.5,159,2240,0.061738048714620096,22.13319714864095,0.04676263150759041,23.076401150226594,216,14.586982011795044,2323.324242591858
espcn,stagewise,div2k,4,blur,0.5,160,2254,0.06362453144457605,22.029163501880788,0.04954603419173509,22.84388440847397,216,14.688200950622559,2338.0124435424805
espcn,stagewise,div2k,4,blur,0.5,161,2268,0.06471800459203897,21.954928504096138,0.05303009522613138,22.524322426319124,216,14.745738983154297,2352.7581825256348
espcn,stagewise,div2k,4,blur,0.5,162,2282,0.0643268765674697,21.95403621814869,0.04907001686515287,22.925872230529784,216,14.678723096847534,2367.4369056224823
espcn,stagewise,div2k,4,blur,0.5,163,2296,0.0667604023107776,21.5679158811216,0.05020070414757356,22.817821979522705,216,14.619539022445679,2382.056444644928
espcn,stagewise,div2k,4,blur,0.5,164,2310,0.06998849798131872,21.27749979937518,0.054556916607543825,22.456030702590944,216,14.641167879104614,2396.6976125240326
espcn,stagewise,div2k,4,blur,0.5,165,2324,0.06600872979119972,21.650863506175853,0.04873486759606749,22.94687533378601,216,14.567251920700073,2411.2648644447327
espcn,stagewise,div2k,4,blur,0.5,166,2338,0.06491551520647826,21.837806984230323,0.04784495801432058,23.00383266210556,216,14.635492086410522,2425.900356531143
espcn,stagewise,div2k,4,blur,0.5,167,2352,0.06520401300103576,21.778987672593857,0.05031325363088399,22.822730112075806,216,14.70284104347229,2440.6031975746155
espcn,stagewise,div2k,4,blur,0.5,168,2366,0.06651446609585374,21.603181344491464,0.05331240789964795,22.503913378715517,216,14.538396120071411,2455.141593694687
espcn,stagewise,div2k,4,blur,0.5,169,2380,0.06631754090388615,21.750315772162544,0.049731783312745394,22.840829133987427,216,14.595881938934326,2469.737475633621
espcn,stagewise,div2k,4,blur,0.5,170,2394,0.06601596637456505,21.69446415371365,0.048054327815771104,22.95377085208893,216,14.632565021514893,2484.370040655136
espcn,stagewise,div2k,4,blur,0.5,171,2408,0.06227706303751027,22.136751386854385,0.046936915919650345,23.063302385807038,216,14.570570945739746,2498.940611600876
espcn,stagewise,div2k,4,blur,0.5,172,2422,0.06488518665234248,21.80072742038303,0.046623522613663225,23.083070814609528,216,14.571150779724121,2513.5117623806
espcn,stagewise,div2k,4,blur,0.5,173,2436,0.06203262369941782,22.20959698712384,0.0473304278915748,23.0282998919487,216,14.726218938827515,2528.2379813194275
espcn,stagewise,div2k,4,blur,0.5,174,2450,0.06450783157790149,21.82133639300311,0.04874143813503906,22.88111561536789,216,14.613593101501465,2542.851574420929
espcn,stagewise,div2k,4,blur,0.5,175,2464,0.05909061928590139,22.525277808860498,0.047231455007568,23.019882476329805,216,14.763367891311646,2557.6149423122406
espcn,stagewise,div2k,4,blur,0.5,176,2478,0.0603980987712189,22.41836519594546,0.05063311525154859,22.781263637542725,216,14.719806909561157,2572.3347492218018
espcn,stagewise,div2k,4,blur,0.5,177,2492,0.06230356599445696,22.13849371450919,0.04662751610158011,23.10213848352432,216,14.724419116973877,2587.0591683387756
espcn,stagewise,div2k,4,blur,0.5,178,2506,0.06182425910675967,22.410979518183954,0.048060388036537914,22.960391569137574,216,14.744555950164795,2601.8037242889404
espcn,stagewise,div2k,4,blur,0.5,179,2520,0.06153563603206917,22.290374543931748,0.05344425824005157,22.54326763153076,216,14.635592937469482,2616.43931722641
espcn,stagewise,div2k,4,blur,0.5,180,2534,0.06552368802604852,21.631445708098234,0.05007698656991124,22.845112562179565,216,14.629786968231201,2631.069104194641
espcn,stagewise,div2k,4,blur,0.5,181,2548,0.06628989455876527,21.882463667127823,0.05574301655869931,22.320776224136353,216,14.678762912750244,2645.7478671073914
espcn,stagewise,div2k,4,blur,0.5,182,2562,0.06489181849691603,21.81871795654297,0.05540760268922895,22.317736732959748,216,14.712106943130493,2660.459974050522
espcn,stagewise,div2k,4,blur,0.5,183,2576,0.06484703333289535,21.990103121157045,0.046481946541462094,23.116812658309936,216,14.658172845840454,2675.1181468963623
espcn,stagewise,div2k,4,blur,0.5,184,2590,0.060138992965221405,22.446933958265518,0.04686258086003363,23.09247668981552,216,14.781017065048218,2689.8991639614105
espcn,stagewise,div2k,4,blur,0.5,185,2604,0.06395490633116828,22.038149798357928,0.04870124086737633,22.980322897434235,216,14.669506072998047,2704.5686700344086
espcn,stagewise,div2k,4,blur,0.5,186,2618,0.06382914108258707,22.038653832894784,0.048275690630543974,23.003123939037323,216,14.666369199752808,2719.2350392341614
espcn,stagewise,div2k,4,blur,0.5,187,2632,0.05877517660458883,22.825958958378546,0.04679296303074807,23.08919107913971,216,14.742249965667725,2733.977289199829
espcn,stagewise,div2k,4,blur,0.5,188,2646,0.06074437223098896,22.58674826445403,0.047099110728595406,23.050703287124634,216,14.736799955368042,2748.714089155197
espcn,stagewise,div2k,4,blur,0.5,189,2660,0.0627143449253506,22.15554032502351,0.04847373748198151,22.906029188632964,216,14.737818002700806,2763.451907157898
espcn,stagewise,div2k,4,blur,0.5,190,2674,0.060018047138496684,22.545899567780673,0.04873159984126687,22.88664458990097,216,14.740389823913574,2778.1922969818115
espcn,stagewise,div2k,4,blur,0.5,191,2688,0.06198714369976962,22.374162320737486,0.04778873663162812,22.984328961372377,216,14.7255117893219,2792.9178087711334
espcn,stagewise,div2k,4,blur,0.5,192,2702,0.059921463744507894,22.400840406064635,0.046801201615016906,23.10132876634598,216,14.625450134277344,2807.5432589054108
espcn,stagewise,div2k,4,blur,0.5,193,2716,0.06066996976733208,22.49365093089916,0.046441198408138006,23.134354877471925,216,14.818851947784424,2822.362110853195
espcn,stagewise,div2k,4,blur,0.5,194,2730,0.06228815736594023,22.12623158207646,0.046796212473418565,23.094700050354003,216,14.924223899841309,2837.2863347530365
espcn,stagewise,div2k,4,blur,0.5,195,2744,0.05993345738561065,22.5700749291314,0.04682684171712026,23.104639375209807,216,14.722053050994873,2852.0083878040314
espcn,stagewise,div2k,4,blur,0.5,196,2758,0.0604773779158239,22.387780366120516,0.0480362436035648,23.010688412189484,216,14.750132083892822,2866.758519887924
espcn,stagewise,div2k,4,blur,0.5,197,2772,0.06356095439857906,22.34178825660988,0.04711632060352713,23.072837901115417,216,14.644437074661255,2881.4029569625854
espcn,stagewise,div2k,4,blur,0.5,198,2786,0.05847096277607812,22.81244122540509,0.04646518952213228,23.112505090236663,216,14.797973871231079,2896.2009308338165
espcn,stagewise,div2k,4,blur,0.5,199,2800,0.06199625272441794,22.152314292060005,0.04826846605865285,23.00153148174286,216,14.647154808044434,2910.848085641861
espcn,stagewise,div2k,4,blur,0.5,200,2814,0.0607445006845174,22.367373643098055,0.046861712809186426,23.07412322759628,216,14.476708173751831,2925.324793815613
espcn,stagewise,div2k,4,blur,0.5,201,2828,0.06288396042806131,22.21478765982169,0.04701714055845514,23.10085928440094,216,14.500619888305664,2939.8254137039185
espcn,stagewise,div2k,4,blur,0.5,202,2842,0.06278657940802751,22.137527607105397,0.04665289602708071,23.114666998386383,216,14.507634162902832,2954.3330478668213
espcn,stagewise,div2k,4,blur,0.5,203,2856,0.059926859482570934,22.490590413411457,0.046048776793759315,23.15873419046402,216,14.50446629524231,2968.8375141620636
espcn,stagewise,div2k,4,blur,0.5,204,2870,0.061334934499528676,22.525017349808305,0.04631936610676348,23.12018963098526,216,14.520339250564575,2983.357853412628
espcn,stagewise,div2k,4,blur,0.5,205,2884,0.0630923945594717,22.30780813429091,0.04644874589284882,23.1286789894104,216,14.502694129943848,2997.860547542572
espcn,stagewise,div2k,4,blur,0.5,206,2898,0.06770462239230121,21.616223088017218,0.05004211411578581,22.8591858625412,216,14.520194053649902,3012.380741596222
espcn,stagewise,div2k,4,blur,0.5,207,2912,0.06403172761201859,22.03553228025083,0.04752534648869187,23.067041277885437,216,14.49140191078186,3026.872143507004
espcn,stagewise,div2k,4,blur,0.5,208,2926,0.06195065986227106,22.464941377992982,0.046895994199439885,23.084690260887147,216,14.441000938415527,3041.3131444454193
espcn,stagewise,div2k,4,blur,0.5,209,2940,0.056751472806489026,23.048015735767507,0.04672137058805674,23.10507103204727,216,14.445170879364014,3055.7583153247833
espcn,stagewise,div2k,4,blur,0.5,210,2954,0.059163323017182176,22.66644506101255,0.0476725226151757,23.062934613227846,216,14.444937944412231,3070.2032532691956
espcn,stagewise,div2k,4,blur,0.5,211,2968,0.05430647896395789,23.48277692441587,0.04678682517260313,23.119435477256776,216,14.428415060043335,3084.631668329239
espcn,stagewise,div2k,4,blur,0.5,212,2982,0.06115733556173466,22.38072275232386,0.046763583249412474,23.125988149642943,216,14.455643892288208,3099.087312221527
espcn,stagewise,div2k,4,blur,0.5,213,2996,0.061169923179679446,22.567429224650066,0.046375019405968484,23.147959351539612,216,14.489993810653687,3113.577306032181
espcn,stagewise,div2k,4,blur,0.5,214,3010,0.06016061151469195,22.60432165640372,0.04626542064361274,23.14383375644684,216,14.493736982345581,3128.0710430145264
espcn,stagewise,div2k,4,blur,0.5,215,3024,0.0626580935937387,22.475567287868923,0.04740037679439411,23.067103850841523,216,14.443928003311157,3142.5149710178375
espcn,stagewise,div2k,4,blur,0.5,216,3038,0.06105661833727801,22.580754032841437,0.04777086701942608,22.983907771110534,216,14.47860598564148,3156.993577003479
espcn,stagewise,div2k,4,blur,0.5,217,3052,0.0649012103676796,21.797760009765625,0.04767057810677215,23.078608131408693,216,14.564596176147461,3171.5581731796265
espcn,stagewise,div2k,4,blur,0.5,218,3066,0.0627514358471941,22.133209934941046,0.04651296600932255,23.141405260562898,216,14.556687116622925,3186.1148602962494
espcn,static,div2k,4,blur,0.5,0,60,0.10770155489444733,17.660118548075356,0.08617925397120416,18.826468062400817,240,15.104321002960205,15.104321002960205
espcn,static,div2k,4,blur,0.5,1,75,0.09162213802337646,18.880818812052407,0.07597887588199229,19.702857077121735,240,15.168460130691528,30.272781133651733
espcn,static,div2k,4,blur,0.5,2,90,0.07911808987458548,19.89089558919271,0.06893808573950082,20.370574522018433,240,15.090116024017334,45.36289715766907
espcn,static,div2k,4,blur,0.5,3,105,0.07096428324778875,21.03274459838867,0.06896027810871601,20.44927246570587,240,15.038532972335815,60.40143013000488
espcn,static,div2k,4,blur,0.5,4,120,0.07413706332445144,20.606237920125327,0.06462862365879118,20.86986553668976,240,15.092808961868286,75.49423909187317
espcn,static,div2k,4,blur,0.5,5,135,0.0692019502321879,20.95040791829427,0.060604502982459965,21.220963776111603,240,15.076601266860962,90.57084035873413
espcn,static,div2k,4,blur,0.5,6,150,0.0654068370660146,21.273913447062174,0.05976067420560867,21.31040245294571,240,15.143799781799316,105.71464014053345
espcn,static,div2k,4,blur,0.5,7,165,0.06482200746734937,21.63838005065918,0.05933969365432858,21.384716439247132,240,14.987994909286499,120.70263504981995
espcn,static,div2k,4,blur,0.5,8,180,0.059872365246216454,22.212783813476562,0.05754322223365307,21.56566115617752,240,14.93479609489441,135.63743114471436
espcn,static,div2k,4,blur,0.5,9,195,0.0636189341545105,21.79890505472819,0.057611595885828135,21.576452326774596,240,15.018005847930908,150.65543699264526
espcn,static,div2k,4,blur,0.5,10,210,0.06342360228300095,21.96162338256836,0.0585341498721391,21.52133311033249,240,15.05712890625,165.71256589889526
espcn,static,div2k,4,blur,0.5,11,225,0.06299748718738556,21.81409200032552,0.05674128932878375,21.68665482997894,240,14.96426773071289,180.67683362960815
espcn,static,div2k,4,blur,0.5,12,240,0.060074405868848164,22.211237462361655,0.055342320795170964,21.83688621520996,240,14.982771873474121,195.65960550308228
espcn,static,div2k,4,blur,0.5,13,255,0.06272931496302286,21.91229756673177,0.06120028966106474,21.319351077079773,240,15.043416023254395,210.70302152633667
espcn,static,div2k,4,blur,0.5,14,270,0.06320219238599141,22.155250295003256,0.0564013292780146,21.783307349681856,240,15.05463695526123,225.7576584815979
espcn,static,div2k,4,blur,0.5,15,285,0.05784736375013987,22.734110641479493,0.05444208327680826,21.957353484630584,240,15.017113208770752,240.77477169036865
espcn,static,div2k,4,blur,0.5,16,300,0.062079939246177676,22.307873153686522,0.05429425404872745,21.986143159866334,240,15.111875772476196,255.88664746284485
espcn,static,div2k,4,blur,0.5,17,315,0.056597006320953366,22.911629994710285,0.058447912731207904,21.622078442573546,240,15.060060977935791,270.94670844078064
espcn,static,div2k,4,blur,0.5,18,330,0.06022987266381582,22.265583038330078,0.05639357145410031,21.829758536815643,240,15.100572109222412,286.04728055000305
espcn,static,div2k,4,blur,0.5,19,345,0.055762679874897005,23.13379160563151,0.05350822152104229,22.085288202762605,240,15.050917148590088,301.09819769859314
espcn,static,div2k,4,blur,0.5,20,360,0.056882335990667346,22.903727213541668,0.05306829718174413,22.150527274608613,240,14.924391984939575,316.0225896835327
espcn,static,div2k,4,blur,0.5,21,375,0.053930598745743435,23.629241307576496,0.05459575797431171,22.087817680835723,240,15.062189817428589,331.0847795009613
espcn,static,div2k,4,blur,0.5,22,390,0.05373461420337359,23.135445912679035,0.05857725457753986,21.654512417316436,240,15.159549951553345,346.24432945251465
espcn,static,div2k,4,blur,0.5,23,405,0.05751150026917458,22.89112319946289,0.05723103417549282,21.879333877563475,240,15.131511926651001,361.37584137916565
espcn,static,div2k,4,blur,0.5,24,420,0.0548532913128535,23.51130065917969,0.055052576260641216,22.105033099651337,240,15.100594997406006,376.47643637657166
espcn,static,div2k,4,blur,0.5,25,435,0.055207117646932605,23.41491355895996,0.05505842231214046,22.111857640743256,240,15.196420907974243,391.6728572845459
espcn,static,div2k,4,blur,0.5,26,450,0.057926450421412784,22.8806027730306,0.0540754396468401,22.15452370643616,240,15.143350839614868,406.81620812416077
espcn,static,div2k,4,blur,0.5,27,465,0.05363797222574552,23.889902369181314,0.05224322624271736,22.315299844741823,240,15.134613990783691,421.95082211494446
espcn,static,div2k,4,blur,0.5,28,480,0.05440465460220973,23.42649917602539,0.0533293287968263,22.20925643444061,240,15.206119060516357,437.1569411754608
espcn,static,div2k,4,blur,0.5,29,495,0.05126863146821658,24.169810231526693,0.05136639688862488,22.395028901100158,240,15.18207597732544,452.33901715278625
espcn,static,div2k,4,blur,0.5,30,510,0.051213019092877704,23.850858306884767,0.05204555278178304,22.338554012775422,240,15.298210859298706,467.63722801208496
espcn,static,div2k,4,blur,0.5,31,525,0.05439816887180011,23.4010747273763,0.053287510923109946,22.22307621240616,240,15.15619421005249,482.79342222213745
espcn,static,div2k,4,blur,0.5,32,540,0.05106891940037409,24.311780548095705,0.05269267011899501,22.271109056472778,240,15.208132982254028,498.0015552043915
espcn,static,div2k,4,blur,0.5,33,555,0.0527606522043546,24.18141009012858,0.06146808969788253,21.571218883991243,240,15.134183168411255,513.1357383728027
espcn,static,div2k,4,blur,0.5,34,570,0.06010384932160377,23.091323471069337,0.05428958549164235,22.181319320201872,240,15.26065707206726,528.39639544487
espcn,static,div2k,4,blur,0.5,35,585,0.057692104329665504,23.32701721191406,0.05524982218630612,22.089448869228363,240,15.168812990188599,543.5652084350586
espcn,static,div2k,4,blur,0.5,36,600,0.053044873476028445,24.43663698832194,0.05442359885200858,22.12858211994171,240,15.129781007766724,558.6949894428253
espcn,static,div2k,4,blur,0.5,37,615,0.0509442575275898,23.963309733072915,0.05183180817402899,22.39644296169281,240,15.239006042480469,573.9339954853058
espcn,static,div2k,4,blur,0.5,38,630,0.05000420212745667,24.211169815063478,0.052766019781120124,22.342557668685913,240,15.196609020233154,589.1306045055389
espcn,static,div2k,4,blur,0.5,39,645,0.05419792458415031,23.64414253234863,0.054881134140305224,22.148612916469574,240,15.181610822677612,604.3122153282166
espcn,static,div2k,4,blur,0.5,40,660,0.04913471092780431,24.94987589518229,0.05030818749219179,22.54747290611267,240,15.246248960494995,619.5584642887115
espcn,static,div2k,4,blur,0.5,41,675,0.050656305501858394,24.054252751668294,0.05105100866639987,22.535954463481904,240,15.113205194473267,634.6716694831848
espcn,static,div2k,4,blur,0.5,42,690,0.050217790404955547,24.648578643798828,0.05384907480329275,22.27961528301239,240,15.224360942840576,649.8960304260254
espcn,static,div2k,4,blur,0.5,43,705,0.051088932901620865,24.33878936767578,0.05040177704067901,22.55449140071869,240,15.199355840682983,665.0953862667084
espcn,static,div2k,4,blur,0.5,44,720,0.05080956295132637,24.120653661092124,0.05083745939191431,22.53010450601578,240,15.163837909698486,680.2592241764069
espcn,static,div2k,4,blur,0.5,45,735,0.05252753670016925,23.987408955891926,0.053537732316181065,22.31464629173279,240,15.17420482635498,695.4334290027618
espcn,static,div2k,4,blur,0.5,46,750,0.049479725460211434,24.475917689005534,0.05159714479232207,22.459995770454405,240,15.106288194656372,710.5397171974182
espcn,static,div2k,4,blur,0.5,47,765,0.05121644164125125,24.422461318969727,0.05699317874386907,22.080049180984496,240,15.29579496383667,725.8355121612549
espcn,static,div2k,4,blur,0.5,48,780,0.051115404814481735,24.214700190226235,0.05075292745605111,22.562256479263304,240,15.40471625328064,741.2402284145355
espcn,static,div2k,4,blur,0.5,49,795,0.05172143454353015,24.145047505696613,0.049866615643259136,22.631835079193117,240,15.386981964111328,756.6272103786469
espcn,static,div2k,4,blur,0.5,50,810,0.04937986806035042,24.982110087076823,0.049751976074185224,22.630687522888184,240,15.32248592376709,771.9496963024139
espcn,static,div2k,4,blur,0.5,51,825,0.05298656324545543,23.934459559122722,0.051732459617778656,22.476542842388152,240,15.39002799987793,787.3397243022919
espcn,static,div2k,4,blur,0.5,52,840,0.046295971423387525,25.2779598236084,0.04989887425908819,22.641381251811982,240,15.400964736938477,802.7406890392303
espcn,static,div2k,4,blur,0.5,53,855,0.050998138884703316,24.424009323120117,0.05296502138953656,22.428038942813874,240,15.375643968582153,818.1163330078125
espcn,static,div2k,4,blur,0.5,54,870,0.05037610133488973,24.80522282918294,0.05465839351527393,22.184413528442384,240,15.375815868377686,833.4921488761902
espcn,static,div2k,4,blur,0.5,55,885,0.04899727826317151,24.492385228474934,0.052617865381762385,22.432683134078978,240,15.389047861099243,848.8811967372894
espcn,static,div2k,4,blur,0.5,56,900,0.049618843694527945,24.514530436197916,0.05158647336065769,22.4890416264534,240,15.355953216552734,864.2371499538422
espcn,static,div2k,4,blur,0.5,57,915,0.04620839779575666,24.972994486490887,0.04969441774301231,22.653649079799653,240,15.377577781677246,879.6147277355194
espcn,static,div2k,4,blur,0.5,58,930,0.04987553705771764,24.52252451578776,0.04945061699254438,22.69086883068085,240,15.490386247634888,895.1051139831543
espcn,static,div2k,4,blur,0.5,59,945,0.04756977731982867,24.828375371297202,0.05146112084621564,22.48389948606491,240,15.272101879119873,910.3772158622742
espcn,static,div2k,4,blur,0.5,60,960,0.05128481338421504,24.2085999806722,0.049471002398058773,22.677865505218506,240,15.416882038116455,925.7940979003906
espcn,static,div2k,4,blur,0.5,61,975,0.04884019047021866,25.060550944010416,0.04943479441571981,22.686460638046263,240,15.397342920303345,941.191440820694
espcn,static,div2k,4,blur,0.5,62,990,0.04909591401616732,24.589618301391603,0.050555057113524524,22.61736145019531,240,15.393929958343506,956.5853707790375
espcn,static,div2k,4,blur,0.5,63,1005,0.05190713480114937,24.197952016194662,0.0493537786998786,22.693745136260986,240,15.425396919250488,972.010767698288
espcn,static,div2k,4,blur,0.5,64,1020,0.04884558295210203,24.685752868652344,0.05021930932998657,22.637799429893494,240,15.41565728187561,987.4264249801636
espcn,static,div2k,4,blur,0.5,65,1035,0.049940767635901766,24.532851028442384,0.04962042272090912,22.6919349193573,240,15.41832184791565,1002.8447468280792
espcn,static,div2k,4,blur,0.5,66,1050,0.049799757947524385,24.60426445007324,0.053868861659429966,22.379282891750336,240,15.406897068023682,1018.2516438961029
espcn,static,div2k,4,blur,0.5,67,1065,0.04954002449909846,24.69888178507487,0.05446959417313337,22.24845881462097,240,15.355447053909302,1033.6070909500122
espcn,static,div2k,4,blur,0.5,68,1080,0.049912289281686145,24.626089096069336,0.05194585474673659,22.488981771469117,240,15.404429197311401,1049.0115201473236
espcn,static,div2k,4,blur,0.5,69,1095,0.05015297283728917,24.776614379882812,0.04922075435752049,22.722032368183136,240,15.435004949569702,1064.4465250968933
espcn,static,div2k,4,blur,0.5,70,1110,0.04749429176251094,25.161597188313802,0.05705068351235241,21.97740767002106,240,15.408106088638306,1079.8546311855316
espcn,static,div2k,4,blur,0.5,71,1125,0.05002044613162677,24.79504000345866,0.049670570727903395,22.675144183635712,240,15.383386850357056,1095.2380180358887
espcn,static,div2k,4,blur,0.5,72,1140,0.04827251235644023,24.73657646179199,0.048715416830964385,22.776252770423888,240,15.404976844787598,1110.6429948806763
espcn,static,div2k,4,blur,0.5,73,1155,0.04729631543159485,24.984969075520834,0.048970020026899874,22.749740767478944,240,15.363343715667725,1126.006338596344
espcn,static,div2k,4,blur,0.5,74,1170,0.04943972652157148,24.809262847900392,0.054803414503112435,22.287259089946748,240,15.432297945022583,1141.4386365413666
espcn,static,div2k,4,blur,0.5,75,1185,0.05275788630048434,23.990025075276694,0.04900735954288393,22.76299728155136,240,15.392652750015259,1156.8312892913818
espcn,static,div2k,4,blur,0.5,76,1200,0.047372388343016304,25.280455017089842,0.05147900936426595,22.583960902690887,240,15.404716968536377,1172.2360062599182
espcn,static,div2k,4,blur,0.5,77,1215,0.048137543350458147,25.299045181274415,0.05376184976194054,22.365390491485595,240,15.391762018203735,1187.627768278122
espcn,static,div2k,4,blur,0.5,78,1230,0.048688482493162155,24.948209889729817,0.04993827542057261,22.679383635520935,240,15.437430143356323,1203.0651984214783
espcn,static,div2k,4,blur,0.5,79,1245,0.047799359013636904,24.93018569946289,0.049593140988145025,22.715230655670165,240,15.408565998077393,1218.4737644195557
espcn,static,div2k,4,blur,0.5,80,1260,0.04731927067041397,25.399918365478516,0.04827540509868413,22.817886006832122,240,15.340877056121826,1233.8146414756775
espcn,static,div2k,4,blur,0.5,81,1275,0.04673309351007144,25.280136108398438,0.04882982725976035,22.767070972919463,240,15.398879051208496,1249.213520526886
espcn,static,div2k,4,blur,0.5,82,1290,0.045251726359128955,25.395897547403973,0.04943732692627236,22.752882516384126,240,15.434231042861938,1264.647751569748
espcn,static,div2k,4,blur,0.5,83,1305,0.049749802549680075,24.58579241434733,0.048863898403942584,22.774394750595093,240,15.335055828094482,1279.9828073978424
espcn,static,div2k,4,blur,0.5,84,1320,0.046592287719249725,25.209959920247396,0.04855817668139935,22.817650604248048,240,15.435683965682983,1295.4184913635254
espcn,static,div2k,4,blur,0.5,85,1335,0.04895281617840131,24.895743815104165,0.049050303793046625,22.751953840255737,240,15.356443881988525,1310.774935245514
espcn,static,div2k,4,blur,0.5,86,1350,0.047870947420597075,25.063085556030273,0.05710481482092291,21.981588649749757,240,15.472619771957397,1326.2475550174713
espcn,static,div2k,4,blur,0.5,87,1365,0.05172150234381358,24.75725351969401,0.050103689113166185,22.69250304698944,240,15.43218994140625,1341.6797449588776
espcn,static,div2k,4,blur,0.5,88,1380,0.04883906195561091,24.70442403157552,0.05287233791314065,22.452192306518555,240,15.37752389907837,1357.057268857956
espcn,static,div2k,4,blur,0.5,89,1395,0.04895270466804504,24.700701904296874,0.049952166504226625,22.702895486354826,240,15.503407001495361,1372.5606758594513
espcn,static,div2k,4,blur,0.5,90,1410,0.04708026200532913,25.1449764251709,0.04845495793269947,22.83278896808624,240,15.410530090332031,1387.9712059497833
espcn,static,div2k,4,blur,0.5,91,1425,0.04745836680134138,25.334102884928384,0.048995364806614816,22.769565653800964,240,15.432352781295776,1403.403558731079
espcn,static,div2k,4,blur,0.5,92,1440,0.047333724424242975,25.34253476460775,0.050786435161717235,22.614904475212096,240,15.498244285583496,1418.9018030166626
espcn,static,div2k,4,blur,0.5,93,1455,0.04687633166710536,25.046611150105793,0.04860226633027196,22.826365518569947,240,15.45755910873413,1434.3593621253967
espcn,static,div2k,4,blur,0.5,94,1470,0.049719702700773874,24.504870986938478,0.0499999736668542,22.705815780162812,240,15.407586097717285,1449.766948223114
espcn,static,div2k,4,blur,0.5,95,1485,0.04861284295717875,25.115555063883463,0.04946613007923588,22.801711750030517,240,15.464864015579224,1465.2318122386932
espcn,static,div2k,4,blur,0.5,96,1500,0.05001533627510071,24.76315066019694,0.048107500153128056,22.85287082195282,240,15.460176944732666,1480.691989183426
espcn,static,div2k,4,blur,0.5,97,1515,0.05028435265024503,24.73233477274577,0.05088147142669186,22.674320340156555,240,15.405689716339111,1496.097678899765
espcn,static,div2k,4,blur,0.5,98,1530,0.04693888475497564,25.482408142089845,0.051520514348521826,22.592589926719665,240,15.438991785049438,1511.5366706848145
espcn,static,div2k,4,blur,0.5,99,1545,0.04949107790986697,24.74453659057617,0.048678031913004814,22.838108706474305,240,15.401198863983154,1526.9378695487976
espcn,static,div2k,4,blur,0.5,100,1560,0.04559400988121828,25.514737955729167,0.05094263731734827,22.640810132026672,240,15.457072019577026,1542.3949415683746
espcn,static,div2k,4,blur,0.5,101,1575,0.047793608531355856,24.978801727294922,0.048243214667309076,22.853419148921965,240,15.408588171005249,1557.8035297393799
espcn,static,div2k,4,blur,0.5,102,1590,0.04689244801799456,25.391545486450195,0.048424153740052135,22.846480536460877,240,15.425616025924683,1573.2291457653046
espcn,static,div2k,4,blur,0.5,103,1605,0.045364046841859816,25.5516840616862,0.048303402052260934,22.853645157814025,240,15.477208614349365,1588.706354379654
espcn,static,div2k,4,blur,0.5,104,1620,0.04818427413702011,25.282610575358074,0.0481981762801297,22.879147005081176,240,15.427236795425415,1604.1335911750793
espcn,static,div2k,4,blur,0.5,105,1635,0.04497882835566998,25.597054290771485,0.048031219479162245,22.877567303180694,240,15.445914030075073,1619.5795052051544
espcn,static,div2k,4,blur,0.5,106,1650,0.04507041449348132,25.387793223063152,0.04845020540524274,22.84318256378174,240,15.438669919967651,1635.018175125122
espcn,static,div2k,4,blur,0.5,107,1665,0.045658406366904575,25.87130750020345,0.047891391871962695,22.89644329547882,240,15.409240961074829,1650.427416086197
espcn,static,div2k,4,blur,0.5,108,1680,0.04759298314650853,24.940623982747397,0.047658243612386283,22.920788621902467,240,15.405198812484741,1665.8326148986816
espcn,static,div2k,4,blur,0.5,109,1695,0.05453053936362266,23.455070877075194,0.049988237663637844,22.744309878349306,240,15.531190633773804,1681.3638055324554
espcn,static,div2k,4,blur,0.5,110,1710,0.054027191797892254,23.56010284423828,0.04886822763364762,22.816734874248503,240,15.481339931488037,1696.8451454639435
espcn,static,div2k,4,blur,0.5,111,1725,0.05704997057716052,23.354540634155274,0.04782761576352641,22.916121792793273,240,15.56217098236084,1712.4073164463043
espcn,static,div2k,4,blur,0.5,112,1740,0.06002363388737043,22.823621622721355,0.04836931566242129,22.8570929646492,240,15.50658917427063,1727.913905620575
espcn,static,div2k,4,blur,0.5,113,1755,0.055613360553979876,22.923005040486654,0.04863066612742841,22.85461084842682,240,15.519708156585693,1743.4336137771606
espcn,static,div2k,4,blur,0.5,114,1770,0.05466769362489383,23.59996248881022,0.047922320326324555,22.91323379278183,240,15.519856214523315,1758.953469991684
espcn,static,div2k,4,blur,0.5,115,1785,0.05422610640525818,23.791817092895506,0.04806421763496473,22.90578966140747,240,15.458433151245117,1774.411903142929
espcn,static,div2k,4,blur,0.5,116,1800,0.05708028574784597,23.392082341512044,0.052368945837952194,22.525494480133055,240,15.482082843780518,1789.8939859867096
espcn,static,div2k,4,blur,0.5,117,1815,0.05745658924182256,23.16020901997884,0.05038637141697109,22.657330107688903,240,15.465534210205078,1805.3595201969147
espcn,static,div2k,4,blur,0.5,118,1830,0.05704372152686119,23.311950556437175,0.048065836180467156,22.882706654071807,240,15.518311262130737,1820.8778314590454
espcn,static,div2k,4,blur,0.5,119,1845,0.056142823149760566,23.25017344156901,0.048237167135812345,22.905576527118683,240,15.484883785247803,1836.3627152442932
espcn,static,div2k,4,blur,0.5,120,1860,0.05532396932442983,23.48873456319173,0.05037697025109082,22.748217666149138,240,15.48559308052063,1851.8483083248138
espcn,static,div2k,4,blur,0.5,121,1875,0.056189276029666266,23.25713170369466,0.047782454267144205,22.926714396476747,240,15.502768278121948,1867.3510766029358
espcn,static,div2k,4,blur,0.5,122,1890,0.05533969526489576,23.525767008463543,0.04754814698826522,22.951987969875336,240,15.528873920440674,1882.8799505233765
espcn,static,div2k,4,blur,0.5,123,1905,0.05748380546768506,23.226516977945963,0.048168312630150464,22.891175270080566,240,15.419443845748901,1898.2993943691254
espcn,static,div2k,4,blur,0.5,124,1920,0.05748601978023847,23.220981979370116,0.048392761033028364,22.888226640224456,240,15.55269193649292,1913.8520863056183
espcn,static,div2k,4,blur,0.5,125,1935,0.05360132058461507,23.786635716756184,0.04840139932930469,22.866215085983278,240,15.521506071090698,1929.373592376709
espcn,static,div2k,4,blur,0.5,126,1950,0.05891577278574308,23.114596939086915,0.048382483213208614,22.874342155456542,240,15.455570220947266,1944.8291625976562
espcn,static,div2k,4,blur,0.5,127,1965,0.05518928468227387,23.3875981648763,0.04892610623501241,22.83089824914932,240,15.451712846755981,1960.2808754444122
espcn,static,div2k,4,blur,0.5,128,1980,0.057085592796405155,23.200745646158854,0.04783024148782715,22.93840961456299,240,15.510840892791748,1975.791716337204
espcn,static,div2k,4,blur,0.5,129,1995,0.054897191375494,23.56467170715332,0.04808384170755744,22.931388485431672,240,15.575223922729492,1991.3669402599335
espcn,static,div2k,4,blur,0.5,130,2010,0.05599231918652852,23.300956853230794,0.049641509307548404,22.823512172698976,240,15.512765169143677,2006.8797054290771
espcn,static,div2k,4,blur,0.5,131,2025,0.053947299470504126,23.81716842651367,0.048206437821500005,22.905910551548004,240,15.440834999084473,2022.3205404281616
espcn,static,div2k,4,blur,0.5,132,2040,0.056283846000830334,23.36749203999837,0.04951400329591706,22.840662932395936,240,15.52708625793457,2037.8476266860962
espcn,static,div2k,4,blur,0.5,133,2055,0.05500692427158356,23.607450103759767,0.04857552913017571,22.89161479473114,240,15.52016806602478,2053.367794752121
espcn,static,div2k,4,blur,0.5,134,2070,0.05545188585917155,23.26030069986979,0.050216972222551705,22.72062044143677,240,15.572198867797852,2068.939993619919
espcn,static,div2k,4,blur,0.5,135,2085,0.054614390681187314,23.847879536946614,0.050539992516860366,22.754361057281493,240,15.4687659740448,2084.4087595939636
espcn,static,div2k,4,blur,0.5,136,2100,0.05749922171235085,23.383437474568684,0.049286942707840356,22.836172914505006,240,15.530932188034058,2099.9396917819977
espcn,static,div2k,4,blur,0.5,137,2115,0.05475194652875264,23.746252950032552,0.050645514554344115,22.68425941467285,240,15.451035261154175,2115.390727043152
espcn,online,div2k,4,blur,0.5,0,14,0.3003691837743477,11.659852451748318,0.22152498010545968,11.628891503810882,216,14.29610300064087,14.29610300064087
espcn,online,div2k,4,blur,0.5,1,28,0.1930458998238599,13.364365542376483,0.13883857438340783,15.124527466297149,216,14.714486122131348,29.010589122772217
espcn,online,div2k,4,blur,0.5,2,42,0.15063401725557116,14.87664000193278,0.11185084278695286,16.83303459882736,216,14.64586615562439,43.656455278396606
espcn,online,div2k,4,blur,0.5,3,56,0.11859987510575189,16.844026494909215,0.09513623001985252,18.088689815998077,216,14.602100133895874,58.25855541229248
espcn,online,div2k,4,blur,0.5,4,70,0.1058710675548624,17.93694573861581,0.08206112892366946,19.167623353004455,216,14.617262125015259,72.87581753730774
espcn,online,div2k,4,blur,0.5,5,84,0.0988638875661073,18.170319451226128,0.07385854537133127,19.919671452045442,216,14.609232187271118,87.48504972457886
espcn,online,div2k,4,blur,0.5,6,98,0.0882257275559284,18.955639874493635,0.06743791121989488,20.570161414146423,216,14.689194202423096,102.17424392700195
espcn,online,div2k,4,blur,0.5,7,112,0.08060788170055107,19.864043483027704,0.0632451867684722,20.963783550262452,216,14.628182172775269,116.80242609977722
espcn,online,div2k,4,blur,0.5,8,126,0.07715577411430853,20.19130904586227,0.0617234724573791,21.1513920545578,216,14.639168977737427,131.44159507751465
espcn,online,div2k,4,blur,0.5,9,140,0.0782504501166167,20.065173396357782,0.06812733628321439,20.589640045166014,216,14.638468980789185,146.08006405830383
espcn,online,div2k,4,blur,0.5,10,154,0.07524606944234283,20.462947421603733,0.06138654025271535,21.21423884630203,216,14.632788896560669,160.7128529548645
espcn,online,div2k,4,blur,0.5,11,168,0.0711013787874469,21.0391375930221,0.060263052489608525,21.2954803109169,216,14.657447814941406,175.3703007698059
espcn,online,div2k,4,blur,0.5,12,182,0.07144125385416879,20.87430148654514,0.0595356258796528,21.41953547000885,216,14.579799175262451,189.95009994506836
espcn,online,div2k,4,blur,0.5,13,196,0.06857363907275377,21.051149862783927,0.05666777475271374,21.664711546897887,216,14.636322975158691,204.58642292022705
espcn,online,div2k,4,blur,0.5,14,210,0.06955678429868487,21.017638312445747,0.056359221576713026,21.706244587898254,216,14.65803599357605,219.2444589138031
espcn,online,div2k,4,blur,0.5,15,224,0.06553552216953701,21.663536848845304,0.05595112764276564,21.770822823047638,216,14.605952024459839,233.85041093826294
espcn,online,div2k,4,blur,0.5,16,238,0.06768277287483215,21.835450066460503,0.05510093208868057,21.866138815879822,216,14.647373676300049,248.497784614563
espcn,online,div2k,4,blur,0.5,17,252,0.06461072823515644,21.900897273310907,0.0561259611742571,21.82143313884735,216,14.56969404220581,263.0674786567688
espcn,online,div2k,4,blur,0.5,18,266,0.06426608107156223,21.585498385959202,0.0548314674757421,21.91496078968048,216,14.673532009124756,277.74101066589355
espcn,online,div2k,4,blur,0.5,19,280,0.06360930839070568,21.97490593239113,0.055892317183315755,21.83183319568634,216,14.581373929977417,292.322384595871
espcn,online,div2k,4,blur,0.5,20,294,0.06534666830190906,21.90431453563549,0.05663360555190593,21.77113503217697,216,14.718188047409058,307.04057264328003
espcn,online,div2k,4,blur,0.5,21,308,0.0717928493740382,21.330367618136936,0.057177671557292344,21.824637353420258,216,14.649057149887085,321.6896297931671
espcn,online,div2k,4,blur,0.5,22,322,0.06470360220582397,22.248708936903213,0.054467803053557876,22.02081141471863,216,14.648920774459839,336.33855056762695
espcn,online,div2k,4,blur,0.5,23,336,0.06374813975007446,22.024714434588397,0.05804559134412557,21.76334755420685,216,14.684629917144775,351.02318048477173
espcn,online,div2k,4,blur,0.5,24,350,0.06823641613677696,21.54580412970649,0.05392237191554159,22.120699071884154,216,14.643471956253052,365.6666524410248
espcn,online,div2k,4,blur,0.5,25,364,0.06648817161719005,21.667167381004052,0.06224801305215806,21.383128225803375,216,14.556394100189209,380.223046541214
espcn,online,div2k,4,blur,0.5,26,378,0.0633627755774392,22.43076804832176,0.056741552567109464,21.853875517845154,216,14.517895936965942,394.74094247817993
espcn,online,div2k,4,blur,0.5,27,392,0.058817159522462775,22.776878074363427,0.05529693607240915,22.017697393894196,216,14.417234182357788,409.1581766605377
espcn,online,div2k,4,blur,0.5,28,406,0.06359616308300584,22.37926271226671,0.052980247023515406,22.208423137664795,216,14.290060997009277,423.448237657547
espcn,online,div2k,4,blur,0.5,29,420,0.062100407701951486,22.530567310474538,0.05224898480810225,22.274146342277525,216,14.243855714797974,437.69209337234497
espcn,online,div2k,4,blur,0.5,30,434,0.06429920566302759,22.154636806911892,0.05382564426399768,22.18368763923645,216,14.234863758087158,451.92695713043213
espcn,online,div2k,4,blur,0.5,31,448,0.061010323740817884,22.67780077898944,0.052013753447681665,22.33102091550827,216,14.289362907409668,466.2163200378418
espcn,online,div2k,4,blur,0.5,32,462,0.05879510497605359,23.21747052228009,0.05203248834004626,22.348370957374573,216,14.32000184059143,480.5363218784332
espcn,online,div2k,4,blur,0.5,33,476,0.060860274014649565,22.82402088023998,0.054041662043891846,22.184921622276306,216,14.287609100341797,494.823930978775
espcn,online,div2k,4,blur,0.5,34,490,0.060100356185877765,22.96743067988643,0.05187921051401645,22.359004938602446,216,14.28720211982727,509.1111330986023
espcn,online,div2k,4,blur,0.5,35,504,0.05888968650941496,23.23979314168294,0.05150088398950174,22.416350841522217,216,14.303337097167969,523.4144701957703
espcn,online,div2k,4,blur,0.5,36,518,0.06025947299268511,22.87116962009006,0.05173637163825333,22.39491295814514,216,14.280565023422241,537.6950352191925
espcn,online,div2k,4,blur,0.5,37,532,0.058492455217573375,23.022772824322736,0.05193201152142137,22.408706188201904,216,14.22349500656128,551.9185302257538
espcn,online,div2k,4,blur,0.5,38,546,0.05816059407812578,22.973259961163556,0.05126470840768889,22.4461217045784,216,14.310555934906006,566.2290861606598
espcn,online,div2k,4,blur,0.5,39,560,0.05792453940267916,22.97191626937301,0.05090273794485256,22.495825707912445,216,14.273315668106079,580.5024018287659
espcn,online,div2k,4,blur,0.5,40,574,0.05694223388477608,23.300362057156033,0.05082520918222144,22.489845037460327,216,14.306883096694946,594.8092849254608
espcn,online,div2k,4,blur,0.5,41,588,0.05709564244305646,23.373252586082177,0.050461038434877994,22.5400190114975,216,14.397364854812622,609.2066497802734
espcn,online,div2k,4,blur,0.5,42,602,0.057973634037706584,23.527817125673646,0.05033387913135812,22.550839030742644,216,14.6906418800354,623.8972916603088
espcn,online,div2k,4,blur,0.5,43,616,0.055592883516241004,23.5308556733308,0.0535530538065359,22.323713541030884,216,14.564779043197632,638.4620707035065
espcn,online,div2k,4,blur,0.5,44,630,0.05987279130904763,22.597310737327295,0.05281465089647099,22.390651273727418,216,14.45456075668335,652.9166314601898
espcn,online,div2k,4,blur,0.5,45,644,0.05484959014036037,23.79579077826606,0.05109092463972047,22.51278611421585,216,14.431818008422852,667.3484494686127
espcn,online,div2k,4,blur,0.5,46,658,0.05825579000843896,23.212335233335143,0.06623708684928716,21.11814155578613,216,14.52384614944458,681.8722956180573
espcn,online,div2k,4,blur,0.5,47,672,0.06083702489181801,22.853152804904514,0.05159203220391646,22.472949600219728,216,14.49363088607788,696.3659265041351
espcn,online,div2k,4,blur,0.5,48,686,0.059149317581344535,22.969060473971897,0.05740359779447317,22.000414180755616,216,14.453113079071045,710.8190395832062
espcn,online,div2k,4,blur,0.5,49,700,0.05960504972824344,23.08298393532082,0.050128151453100143,22.624320721626283,216,14.564481019973755,725.3835206031799
espcn,online,div2k,4,blur,0.5,50,714,0.056251920483730455,23.65999306572808,0.0517046905355528,22.480402946472168,216,14.437095880508423,739.8206164836884
espcn,online,div2k,4,blur,0.5,51,728,0.05719190573802701,23.287818060980904,0.04999680127948523,22.625942170619965,216,14.47489881515503,754.2955152988434
espcn,online,div2k,4,blur,0.5,52,742,0.05758892082505756,23.28771824306912,0.049969905649777505,22.633081519603728,216,14.448707818984985,768.7442231178284
espcn,online,div2k,4,blur,0.5,53,756,0.0562928160307584,23.401104538529008,0.051004556089174,22.523595654964446,216,14.646682024002075,783.3909051418304
espcn,online,div2k,4,blur,0.5,54,770,0.05604534071904642,23.41422073929398,0.053710656333714725,22.32411731481552,216,14.55628490447998,797.9471900463104
espcn,online,div2k,4,blur,0.5,55,784,0.055894445076032924,23.427010783442743,0.049520537245552984,22.68696782588959,216,14.53954529762268,812.4867353439331
espcn,online,div2k,4,blur,0.5,56,798,0.06012837395623878,22.918470877188224,0.05082071451470256,22.570222187042237,216,14.518146276473999,827.0048816204071
espcn,online,div2k,4,blur,0.5,57,812,0.06047003799014621,23.01390697337963,0.05533197592012584,22.172215270996094,216,14.493428945541382,841.4983105659485
espcn,online,div2k,4,blur,0.5,58,826,0.05921327226139881,23.0272058557581,0.04991089153336361,22.661760234832762,216,14.509022951126099,856.0073335170746
espcn,online,div2k,4,blur,0.5,59,840,0.059032147405324156,23.06712242409035,0.049499157420359555,22.70020775794983,216,14.546522855758667,870.5538563728333
espcn,online,div2k,4,blur,0.5,60,854,0.06022945294777552,23.28882047865126,0.052354492666199806,22.4031369805336,216,14.485481023788452,885.0393373966217
espcn,online,div2k,4,blur,0.5,61,868,0.056527197085045,23.637933377866393,0.0490724895731546,22.732388734817505,216,14.513944149017334,899.553281545639
espcn,online,div2k,4,blur,0.5,62,882,0.05626392419691439,23.58116955227322,0.049356292898301034,22.726471149921416,216,14.508579969406128,914.0618615150452
espcn,online,div2k,4,blur,0.5,63,896,0.05665707298451,23.542801397818106,0.04943082862300798,22.715926074981688,216,14.510982036590576,928.5728435516357
espcn,online,div2k,4,blur,0.5,64,910,0.0550259802904394,23.69509011727792,0.05169057799503207,22.50594116449356,216,14.465977191925049,943.0388207435608
espcn,online,div2k,4,blur,0.5,65,924,0.05432333962784873,23.564098782009548,0.049328326608520004,22.724161624908447,216,14.437712907791138,957.4765336513519
espcn,online,div2k,4,blur,0.5,66,938,0.05399152636528015,23.876875135633682,0.050796631211414936,22.62282407283783,216,14.475014925003052,971.951548576355
espcn,online,div2k,4,blur,0.5,67,952,0.054681344164742365,23.613634038854528,0.049717161199077965,22.708179354667664,216,14.396151781082153,986.3477003574371
espcn,online,div2k,4,blur,0.5,68,966,0.0569825467688066,23.645975324842667,0.05219515468925238,22.464360427856445,216,14.426651954650879,1000.774352312088
espcn,online,div2k,4,blur,0.5,69,980,0.0564026529038394,23.758008744981552,0.053859985223971306,22.26862242221832,216,14.488065004348755,1015.2624173164368
espcn,online,div2k,4,blur,0.5,70,994,0.054099808964464396,23.988859176635742,0.049030721152666955,22.76531586647034,216,14.561220169067383,1029.8236374855042
espcn,online,div2k,4,blur,0.5,71,1008,0.05651012187202772,23.512477309615523,0.05185275475960225,22.481681954860687,216,14.461588382720947,1044.285225868225
espcn,online,div2k,4,blur,0.5,72,1022,0.05633732028029583,23.90562509607386,0.04901962875155732,22.75975069999695,216,14.573364019393921,1058.858589887619
espcn,online,div2k,4,blur,0.5,73,1036,0.05554046123116105,23.778086980183918,0.0493733785348013,22.74377315044403,216,14.367139101028442,1073.2257289886475
espcn,online,div2k,4,blur,0.5,74,1050,0.05744739608080299,23.56458275406449,0.049677245458588,22.720180702209472,216,14.539334058761597,1087.765063047409
espcn,online,div2k,4,blur,0.5,75,1064,0.05403443370704298,24.249215302643954,0.04966486896155402,22.71874041557312,216,14.4730544090271,1102.2381174564362
espcn,online,div2k,4,blur,0.5,76,1078,0.05312537098372424,23.98083637378834,0.04853300745598972,22.815065002441408,216,14.468778848648071,1116.7068963050842
espcn,online,div2k,4,blur,0.5,77,1092,0.05646534374466649,23.48452024106626,0.04926727106794715,22.736742663383485,216,14.440493106842041,1131.1473894119263
espcn,online,div2k,4,blur,0.5,78,1106,0.05747048777562601,23.689301526104963,0.05183401925023645,22.550737893581392,216,14.624374151229858,1145.7717635631561
espcn,online,div2k,4,blur,0.5,79,1120,0.051094655913335306,24.469983983922887,0.04996619600569829,22.709529685974122,216,14.47365117073059,1160.2454147338867
espcn,online,div2k,4,blur,0.5,80,1134,0.056605272822909884,23.511246857819735,0.05027825750876218,22.64567098617554,216,14.430335998535156,1174.6757507324219
espcn,online,div2k,4,blur,0.5,81,1148,0.054179032919583495,23.779105645638925,0.050296606321353465,22.662320244312287,216,14.310365915298462,1188.9861166477203
espcn,online,div2k,4,blur,0.5,82,1162,0.05558215081691742,23.902070504647714,0.05147034893743694,22.626881670951843,216,14.302416801452637,1203.288533449173
espcn,online,div2k,4,blur,0.5,83,1176,0.05714127586947547,23.566501900001807,0.05616852950770408,22.175213706493377,216,14.285230159759521,1217.5737636089325
espcn,online,div2k,4,blur,0.5,84,1190,0.05803678736642555,23.573171615600586,0.053663331014104185,22.417053508758546,216,14.329653978347778,1231.9034175872803
espcn,online,div2k,4,blur,0.5,85,1204,0.06069725793268946,23.003693050808376,0.060898005845956504,21.82878850698471,216,14.30787467956543,1246.2112922668457
espcn,online,div2k,4,blur,0.5,86,1218,0.05953397767411338,23.283421057241934,0.04942353728692979,22.77385268211365,216,14.293519735336304,1260.504812002182
espcn,online,div2k,4,blur,0.5,87,1232,0.05631891279308884,23.808591136225946,0.04898122611921281,22.811983454227448,216,14.336757898330688,1274.8415699005127
espcn,online,div2k,4,blur,0.5,88,1246,0.05232105514517537,24.02195782131619,0.04974790749838576,22.751041495800017,216,14.371676206588745,1289.2132461071014
espcn,online,div2k,4,blur,0.5,89,1260,0.055898751925539086,23.862564863982023,0.04969585705548525,22.77018414735794,216,14.332792043685913,1303.5460381507874
espcn,online,div2k,4,blur,0.5,90,1274,0.05461684904164738,23.80910294144242,0.055143009894527494,22.250871467590333,216,14.422135829925537,1317.968173980713
espcn,online,div2k,4,blur,0.5,91,1288,0.05669508984795323,23.821026413529008,0.04861745765665546,22.841850137710573,216,14.33473825454712,1332.30291223526
espcn,online,div2k,4,blur,0.5,92,1302,0.05598311954074436,23.78594066478588,0.048784646939020605,22.83320426940918,216,14.38788390159607,1346.690796136856
espcn,online,div2k,4,blur,0.5,93,1316,0.05815526760286755,23.04779632003219,0.053004693356342614,22.452822232246398,216,14.329591751098633,1361.0203878879547
espcn,online,div2k,4,blur,0.5,94,1330,0.05554026668822324,23.8930765081335,0.048142786382231864,22.889502429962157,216,14.405914783477783,1375.4263026714325
espcn,online,div2k,4,blur,0.5,95,1344,0.05404415285145795,23.97846857706706,0.048924569727387276,22.845802342891695,216,14.38101601600647,1389.807318687439
espcn,online,div2k,4,blur,0.5,96,1358,0.05626349620245121,23.448502434624565,0.04942111917771399,22.762803697586058,216,14.458066940307617,1404.2653856277466
espcn,online,div2k,4,blur,0.5,97,1372,0.0576830412502642,23.08252073217321,0.048782036488410084,22.85070357322693,216,14.418575048446655,1418.6839606761932
espcn,online,div2k,4,blur,0.5,98,1386,0.05429568114104094,23.98151390640824,0.05022217491641641,22.719748389720916,216,14.437010049819946,1433.1209707260132
espcn,online,div2k,4,blur,0.5,99,1400,0.05301993450632802,24.507979145756476,0.047629655431956054,22.9238282084465,216,14.446152925491333,1447.5671236515045
espcn,online,div2k,4,blur,0.5,100,1414,0.05452530665530099,23.85689565870497,0.04905245855916292,22.83182100057602,216,14.471489906311035,1462.0386135578156
espcn,online,div2k,4,blur,0.5,101,1428,0.05578816585518696,23.73281987508138,0.04773668909911066,22.913695216178894,216,14.586327075958252,1476.6249406337738
espcn,online,div2k,4,blur,0.5,102,1442,0.05671021314682784,23.57922589337384,0.04766756113385782,22.92215805053711,216,14.55166506767273,1491.1766057014465
espcn,online,div2k,4,blur,0.5,103,1456,0.05625759851601389,23.624559331823278,0.04863590153399855,22.83821952342987,216,14.463485956192017,1505.6400916576385
espcn,online,div2k,4,blur,0.5,104,1470,0.05479866762955984,23.826779118290656,0.04835444949567318,22.893306744098663,216,14.49204397201538,1520.132135629654
espcn,online,div2k,4,blur,0.5,105,1484,0.05393036937824002,23.83883794148763,0.051673258561640976,22.586769235134124,216,14.459426164627075,1534.591561794281
espcn,online,div2k,4,blur,0.5,106,1498,0.0530112209143462,23.89501274956597,0.049670453439466654,22.778170788288115,216,14.444363117218018,1549.035924911499
espcn,online,div2k,4,blur,0.5,107,1512,0.051100388169288635,24.573100125348127,0.048882189474534245,22.83545438051224,216,14.551256895065308,1563.5871818065643
espcn,online,div2k,4,blur,0.5,108,1526,0.052587673206020286,24.054761815954137,0.048478762607555834,22.863708567619323,216,14.589099168777466,1578.1762809753418
espcn,online,div2k,4,blur,0.5,109,1540,0.05284955959629129,24.205396722864222,0.04834335779305547,22.861569786071776,216,14.553584098815918,1592.7298650741577
espcn,online,div2k,4,blur,0.5,110,1554,0.05349705768404184,24.024074766370987,0.04786394512047991,22.932312393188475,216,14.489516735076904,1607.2193818092346
espcn,online,div2k,4,blur,0.5,111,1568,0.051578665221178974,24.39655190927011,0.0477715844870545,22.939890885353087,216,14.667805910110474,1621.887187719345
espcn,online,div2k,4,blur,0.5,112,1582,0.052780007322629295,24.30026301631221,0.04953840547241271,22.778815281391143,216,14.532357215881348,1636.4195449352264
espcn,online,div2k,4,blur,0.5,113,1596,0.05506434264006438,23.891025684497976,0.04853105307556689,22.844956398010254,216,14.55482816696167,1650.974373102188
espcn,online,div2k,4,blur,0.5,114,1610,0.053365507887469396,24.03708592167607,0.05661826676223427,22.210792231559754,216,14.498226881027222,1665.4725999832153
espcn,online,div2k,4,blur,0.5,115,1624,0.054525657936378764,24.228338524147315,0.052735785860568284,22.442111432552338,216,14.477220296859741,1679.949820280075
espcn,online,div2k,4,blur,0.5,116,1638,0.05612525716423988,23.414642404626917,0.047550198854878545,22.96465300321579,216,14.498448848724365,1694.4482691287994
espcn,online,div2k,4,blur,0.5,117,1652,0.0537565858275802,24.209745477747035,0.0490463059511967,22.871809422969818,216,14.456969976425171,1708.9052391052246
espcn,online,div2k,4,blur,0.5,118,1666,0.053058529617609804,24.287030537923176,0.04749612152809277,22.968695890903472,216,14.407827377319336,1723.313066482544
espcn,online,div2k,4,blur,0.5,119,1680,0.053213436984353595,24.172636102747035,0.047961589461192486,22.943106877803803,216,14.543302059173584,1737.8563685417175
espcn,online,div2k,4,blur,0.5,120,1694,0.0547135973142253,23.85803618254485,0.04716143562691286,22.997097873687743,216,14.47836184501648,1752.334730386734
espcn,online,div2k,4,blur,0.5,121,1708,0.05413436696485237,24.133699629041885,0.04947267927927897,22.824988114833832,216,14.54272985458374,1766.8774602413177
espcn,online,div2k,4,blur,0.5,122,1722,0.05067128660502257,24.526864369710285,0.047202532610390334,22.999381494522094,216,14.522423028945923,1781.3998832702637
espcn,online,div2k,4,blur,0.5,123,1736,0.055027457575003304,24.026361536096644,0.04744391154963523,22.983490097522736,216,14.531532049179077,1795.9314153194427
espcn,online,div2k,4,blur,0.5,124,1750,0.05120287601042677,24.55762764259621,0.04749293777858839,22.979670929908753,216,14.497517108917236,1810.42893242836
espcn,online,div2k,4,blur,0.5,125,1764,0.05113897776162183,25.20736100938585,0.04752788906916976,22.971372985839842,216,14.573681116104126,1825.002613544464
espcn,online,div2k,4,blur,0.5,126,1778,0.053489000984915984,23.973055662932218,0.04717921073315665,23.00306906700134,216,14.51144289970398,1839.514056444168
espcn,online,div2k,4,blur,0.5,127,1792,0.05259052898596834,24.3045979252568,0.04799078633077443,22.935763573646547,216,14.544266939163208,1854.0583233833313
espcn,online,div2k,4,blur,0.5,128,1806,0.05255507539819788,24.408293830023872,0.05525487477425486,22.30877618789673,216,14.550350189208984,1868.6086735725403
espcn,online,div2k,4,blur,0.5,129,1820,0.05715106427669525,23.354840455231844,0.052528357575647534,22.477207171916962,216,14.464497327804565,1883.0731709003448
espcn,online,div2k,4,blur,0.5,130,1834,0.05287990995027401,24.285461001926,0.056074408907443286,22.306664180755615,216,14.565269947052002,1897.6384408473969
espcn,online,div2k,4,blur,0.5,131,1848,0.05362480188961382,24.112707561916775,0.04812093750806525,22.93499915599823,216,14.507611989974976,1912.1460528373718
espcn,online,div2k,4,blur,0.5,132,1862,0.049615663234834316,24.933693214699073,0.048065957252401856,22.954214024543763,216,14.619318008422852,1926.7653708457947
espcn,online,div2k,4,blur,0.5,133,1876,0.05228486408789953,24.59019738656503,0.04766251127002761,22.983721709251405,216,14.59818172454834,1941.363552570343
espcn,online,div2k,4,blur,0.5,134,1890,0.0504581070056668,24.65598819873951,0.049424887856002894,22.8205757021904,216,14.555331945419312,1955.9188845157623
espcn,online,div2k,4,blur,0.5,135,1904,0.05567242481090404,23.689555839256005,0.04750316978897899,22.98423011302948,216,14.513715982437134,1970.4326004981995
espcn,online,div2k,4,blur,0.5,136,1918,0.054265280426652344,23.807203787344474,0.04847991873975843,22.916168677806855,216,14.506515979766846,1984.9391164779663
espcn,online,div2k,4,blur,0.5,137,1932,0.05512410733434889,24.099678604691118,0.0500027829548344,22.728175842761992,216,14.722473382949829,1999.6615898609161
espcn,online,div2k,4,blur,0.5,138,1946,0.053288683847144795,24.225044391773366,0.04962017802754417,22.85677663087845,216,14.589929819107056,2014.2515196800232
espcn,online,div2k,4,blur,0.5,139,1960,0.05259656519801528,24.437160774513526,0.05154246162855998,22.595748126506805,216,14.551633834838867,2028.803153514862
espcn,online,div2k,4,blur,0.5,140,1974,0.054102863288587995,24.119992503413446,0.05363029120489955,22.473035979270936,216,14.55856704711914,2043.3617205619812
espcn,online,div2k,4,blur,0.5,141,1988,0.0615270565505381,23.187607800519025,0.050624761322978884,22.769507420063018,216,14.570786952972412,2057.9325075149536
